batch,slot,critic_lambda20,control_r0,critic_r0
0,0,0.001650094985961914,0.0010352730751037598,0.0010498762130737305
0,1,0.0007642507553100586,0.0011789202690124512,0.0014290809631347656
2,0,6.079673767089844e-05,0.0003496408462524414,0.0002771615982055664
4,0,0.0002040863037109375,0.00018346309661865234,0.0001938343048095703
6,0,8.815526962280273e-05,0.00016480684280395508,0.0001736283302307129
7,0,0.0003883838653564453,0.00039392709732055664,0.00045615434646606445
9,0,0.0006067752838134766,0.0006387233734130859,0.0006058812141418457
12,0,0.004997968673706055,0.0028557777404785156,0.00495833158493042
14,0,0.0023398995399475098,0.0026020407676696777,0.0035524964332580566
16,0,0.005250215530395508,0.006511330604553223,0.006613552570343018
17,0,0.0020806193351745605,0.0036749839782714844,0.002031981945037842
18,0,0.00031960010528564453,0.00041431188583374023,0.00022900104522705078
20,0,0.0006342530250549316,0.00039076805114746094,0.0005390048027038574
22,0,0.014344215393066406,0.011097252368927002,0.008338332176208496
23,0,0.0020161867141723633,5.5670738220214844e-05,0.0003070235252380371
26,0,0.0003872513771057129,0.00030940771102905273,0.00036847591400146484
28,0,0.0005075931549072266,0.0004975199699401855,0.0005006194114685059
30,0,0.0020720362663269043,0.004625916481018066,0.005134940147399902
35,0,0.00013053417205810547,0.0002931356430053711,0.0001405477523803711
38,0,0.0018349885940551758,0.0015851855278015137,0.0008603930473327637
38,1,0.0010283589363098145,0.0008409023284912109,0.0011919736862182617
42,0,0.0005805492401123047,0.001050114631652832,0.0007659792900085449
43,0,8.863210678100586e-05,0.0001232624053955078,0.0001361370086669922
46,0,0.030362248420715332,0.031337201595306396,0.03206050395965576
47,0,0.014544367790222168,0.015288472175598145,0.013884246349334717
47,1,0.0002040863037109375,0.00014764070510864258,0.00022619962692260742
48,0,0.0003510117530822754,0.0005065202713012695,0.00048422813415527344
49,0,0.00737231969833374,0.004772663116455078,0.0066585540771484375
49,1,0.0029619336128234863,0.0016753077507019043,0.0013974308967590332
56,0,0.0012508630752563477,0.001207113265991211,0.0010474324226379395
56,1,0.0004146099090576172,0.0001837611198425293,0.0001964569091796875
59,0,0.00033468008041381836,0.0003103017807006836,0.00019276142120361328
60,0,0.00021439790725708008,0.0002929568290710449,0.00022614002227783203
63,0,0.00469130277633667,0.004642367362976074,0.00306856632232666
64,0,0.00010991096496582031,0.0007053613662719727,0.0009568929672241211
64,1,0.002686798572540283,0.0026949644088745117,0.0030001401901245117
65,0,0.0006456375122070312,0.00044405460357666016,0.000478208065032959
69,0,0.0006011724472045898,0.0004025697708129883,0.0005905032157897949
70,0,0.00014483928680419922,9.632110595703125e-05,9.697675704956055e-05
72,0,0.0013589859008789062,0.001305997371673584,0.0015375018119812012
80,0,4.6253204345703125e-05,0.0003495216369628906,0.0002853870391845703
81,0,4.887580871582031e-06,1.633167266845703e-05,9.834766387939453e-06
83,0,0.00177079439163208,0.0016376972198486328,0.0018544197082519531
84,0,0.00015747547149658203,0.0001538991928100586,0.00014853477478027344
84,1,0.004601418972015381,0.004900574684143066,0.005536854267120361
86,0,0.00019657611846923828,0.0001099705696105957,0.00013315677642822266
93,0,0.0015274286270141602,0.0004699230194091797,0.0007045865058898926
94,0,0.0034437179565429688,0.0038639307022094727,0.004419445991516113
96,0,0.025042593479156494,0.029744744300842285,0.036274611949920654
96,1,0.03206104040145874,0.03769516944885254,0.036485254764556885
101,0,0.0009645819664001465,0.0007148981094360352,0.0005838871002197266
104,0,0.0007684230804443359,0.0007798671722412109,0.001497507095336914
112,0,0.0004355907440185547,0.0005289912223815918,0.0009648799896240234
113,0,0.0013072490692138672,0.0017063617706298828,0.001432657241821289
113,1,0.0044831037521362305,0.0015361905097961426,0.001859903335571289
114,0,6.73532485961914e-05,0.00025337934494018555,0.00015020370483398438
119,0,6.0439109802246094e-05,0.00013899803161621094,0.0001285076141357422
120,0,0.0001361370086669922,0.00010907649993896484,0.0005334615707397461
122,0,0.001617431640625,0.00202786922454834,0.002789795398712158
123,0,0.00014734268188476562,5.561113357543945e-05,0.00017571449279785156
124,0,0.0054939985275268555,0.004184305667877197,0.004827022552490234
124,1,0.023419857025146484,0.027652978897094727,0.021629691123962402
127,0,0.007857084274291992,0.010508954524993896,0.010661959648132324
127,1,0.002141416072845459,0.0018661022186279297,0.0018988847732543945
130,0,0.001975536346435547,0.002226531505584717,0.0020578503608703613
131,0,0.0029304027557373047,0.0032825469970703125,0.003401458263397217
134,0,0.0034698843955993652,0.003967702388763428,0.004564762115478516
135,0,0.0002467632293701172,0.00028580427169799805,0.0001552104949951172
136,0,0.0001424551010131836,0.00011581182479858398,0.00017851591110229492
136,1,0.00012362003326416016,0.000232696533203125,9.620189666748047e-05
138,0,0.0005822181701660156,0.0006121397018432617,0.0005595684051513672
139,0,0.002614736557006836,0.004216670989990234,0.004626929759979248
139,1,0.0004532933235168457,0.0005638599395751953,0.00042259693145751953
141,0,0.002445816993713379,0.0032110214233398438,0.0023682117462158203
146,0,0.0001659989356994629,0.000461578369140625,0.00026875734329223633
148,0,0.0003050565719604492,0.0005319118499755859,0.0010010600090026855
148,1,9.518861770629883e-05,9.632110595703125e-05,7.683038711547852e-05
149,0,0.008455634117126465,0.007110118865966797,0.004553556442260742
150,0,0.0013407468795776367,0.0014365911483764648,0.001257777214050293
151,0,0.00012433528900146484,0.00012987852096557617,0.0001442432403564453
156,0,0.00024360418319702148,0.0001537799835205078,0.00014781951904296875
158,0,0.0001284480094909668,0.0009809136390686035,5.137920379638672e-05
159,0,0.0002480745315551758,0.00032079219818115234,0.0006353259086608887
160,0,0.0024290084838867188,0.0011072158813476562,0.0007240772247314453
161,0,0.0012296438217163086,0.0025014877319335938,0.0028018951416015625
165,0,0.00018095970153808594,0.00022608041763305664,0.00025910139083862305
167,0,0.0007680058479309082,0.0019915103912353516,0.0029996633529663086
168,0,0.012484848499298096,0.014120280742645264,0.01520693302154541
169,0,0.018365085124969482,0.023935973644256592,0.01675570011138916
170,0,0.0018159151077270508,0.0010083317756652832,0.0008521676063537598
172,0,0.0007232427597045898,0.0011982321739196777,0.001121819019317627
179,0,3.3020973205566406e-05,0.00023543834686279297,0.00016945600509643555
179,1,3.361701965332031e-05,5.078315734863281e-05,0.0001138448715209961
180,0,0.028302669525146484,0.03301858901977539,0.03888404369354248
181,0,0.001284480094909668,0.00021952390670776367,0.00041043758392333984
182,0,0.002775132656097412,0.0010510683059692383,0.0008609890937805176
184,0,2.205371856689453e-06,2.6226043701171875e-06,3.2782554626464844e-06
189,0,0.002383589744567871,0.0024077892303466797,0.0023578405380249023
190,0,6.008148193359375e-05,0.00013977289199829102,8.356571197509766e-05
191,0,0.0013381242752075195,0.0037197470664978027,0.002948164939880371
193,0,0.0004538297653198242,0.00042831897735595703,0.0004093050956726074
194,0,0.006268143653869629,0.008007168769836426,0.005422055721282959
195,0,0.003099501132965088,0.0024770498275756836,0.002445042133331299
195,1,0.002827882766723633,0.0026460886001586914,0.0019483566284179688
199,0,0.0032453536987304688,0.003942608833312988,0.0032285451889038086
206,0,7.903575897216797e-05,9.572505950927734e-05,9.226799011230469e-05
207,0,0.006547212600708008,0.006569504737854004,0.0059500932693481445
208,0,0.00018012523651123047,3.5643577575683594e-05,6.079673767089844e-05
213,0,0.0003889799118041992,0.0008388161659240723,0.0002480149269104004
214,0,0.0008217096328735352,0.0003409385681152344,0.000563204288482666
214,1,0.0014477968215942383,0.0025043487548828125,0.003598511219024658
215,0,0.0005217194557189941,3.62396240234375e-05,0.0003293156623840332
218,0,0.00018310546875,0.0002669095993041992,0.00013130903244018555
220,0,0.023959994316101074,0.02147829532623291,0.025247693061828613
224,0,0.0014557242393493652,0.0009555220603942871,0.000940859317779541
231,0,0.0001265406608581543,0.00020051002502441406,0.00012576580047607422
237,0,0.00047510862350463867,0.0007219314575195312,0.000513911247253418
240,0,0.00018423795700073242,0.00057220458984375,0.00046622753143310547
241,0,0.00507807731628418,0.004102945327758789,0.00439453125
242,0,0.00014221668243408203,0.0001304149627685547,0.00014799833297729492
243,0,3.5762786865234375e-06,9.894371032714844e-06,6.377696990966797e-06
244,0,0.0006653070449829102,0.002419114112854004,0.001765131950378418
249,0,0.0019960403442382812,0.004715263843536377,0.0028652548789978027
252,0,0.0026743412017822266,0.0022095441818237305,0.0024622678756713867
252,1,8.71419906616211e-05,0.00011456012725830078,0.00013881921768188477
253,0,0.0007750391960144043,0.0011660456657409668,0.0010870099067687988
254,0,0.0005112290382385254,0.001053929328918457,0.0007202625274658203
258,0,0.013875484466552734,0.014131486415863037,0.018204212188720703
260,0,0.07799232006072998,0.0856848955154419,0.07209372520446777
260,1,0.0007730722427368164,0.0006845593452453613,5.0187110900878906e-05
262,0,0.0008808374404907227,0.0020079612731933594,0.0019260644912719727
266,0,3.647804260253906e-05,0.0002856254577636719,0.00026673078536987305
274,0,0.0005410909652709961,0.0007686614990234375,0.0006371736526489258
276,0,0.003336310386657715,0.0021691322326660156,0.0037443041801452637
281,0,0.005009770393371582,0.006556868553161621,0.003956913948059082
282,0,0.0004512667655944824,0.0005003809928894043,0.0002490878105163574
286,0,0.00037384033203125,0.000387728214263916,0.00027638673782348633
287,0,0.0002079606056213379,0.0003114938735961914,0.00034368038177490234
288,0,0.004497110843658447,0.003003239631652832,0.0024678707122802734
289,0,0.0010590553283691406,0.0007535219192504883,0.0011383295059204102
291,0,0.009708523750305176,0.007887601852416992,0.005502223968505859
292,0,0.0023873448371887207,0.001889348030090332,0.0013123750686645508
292,1,0.0002727508544921875,0.00019997358322143555,0.00023174285888671875
293,0,0.002943754196166992,0.003134310245513916,0.0039577484130859375
296,0,0.02554619312286377,0.029476702213287354,0.02468395233154297
298,0,0.0029701590538024902,0.0028083324432373047,0.0031310319900512695
300,0,0.0019001960754394531,0.0021726489067077637,0.0016692280769348145
304,0,0.0003077983856201172,0.00026875734329223633,0.00033587217330932617
312,0,0.0002669692039489746,0.00014322996139526367,0.00034099817276000977
316,0,0.00010150671005249023,9.322166442871094e-05,9.226799011230469e-05
318,0,2.4318695068359375e-05,0.0001360177993774414,5.5789947509765625e-05
320,0,0.0008487701416015625,0.0012149214744567871,0.0009496808052062988
322,0,0.0037959814071655273,0.004448056221008301,0.004673123359680176
323,0,0.00018298625946044922,0.0001131296157836914,1.728534698486328e-05
324,0,0.0023246407508850098,0.0028472542762756348,0.002444148063659668
327,0,8.118152618408203e-05,0.00010848045349121094,0.00012302398681640625
329,0,0.0004075765609741211,0.00018858909606933594,0.00012797117233276367
331,0,0.002427220344543457,0.004360616207122803,0.0038071274757385254
333,0,0.0002446174621582031,0.00014030933380126953,8.511543273925781e-05
334,0,0.0008435249328613281,0.0012388825416564941,0.0010802149772644043
334,1,0.0017293691635131836,0.0030968189239501953,0.0027344822883605957
335,0,0.000960230827331543,0.0013524293899536133,0.0013737082481384277
336,0,0.004391372203826904,0.008920073509216309,0.007300019264221191
338,0,0.00030618906021118164,0.0012392997741699219,0.0010636448860168457
340,0,0.00022017955780029297,0.0004583001136779785,0.0004602670669555664
343,0,0.001797795295715332,0.001885831356048584,0.001329660415649414
344,0,0.0009546279907226562,0.00014674663543701172,0.0003694295883178711
349,0,0.012919425964355469,0.017317533493041992,0.016528010368347168
350,0,0.0006546378135681152,0.0005522966384887695,0.00018328428268432617
351,0,0.00038492679595947266,0.0014636516571044922,0.0008442401885986328
353,0,0.012472033500671387,0.014525413513183594,0.016764521598815918
354,0,0.0033007264137268066,0.0024949312210083008,0.002740204334259033
355,0,0.002218186855316162,0.004776477813720703,0.005224466323852539
355,1,0.0010905265808105469,0.0022188425064086914,0.0017399787902832031
361,0,0.014681577682495117,0.01756042242050171,0.016955077648162842
361,1,0.0007688999176025391,0.0003178715705871582,0.0004667043685913086
367,0,0.004864096641540527,0.006142020225524902,0.006560385227203369
369,0,0.0002537965774536133,0.0009330511093139648,0.000583648681640625
370,0,0.0002957582473754883,0.0002071857452392578,0.0002829432487487793
371,0,0.0001805424690246582,0.00010561943054199219,6.16312026977539e-05
372,0,0.0005097389221191406,0.00047194957733154297,0.00047791004180908203
373,0,0.010981619358062744,0.0077991485595703125,0.0058078765869140625
377,0,0.0002765059471130371,0.0005728006362915039,0.0005868077278137207
378,0,0.0001004934310913086,0.00020486116409301758,0.00011295080184936523
382,0,0.00177079439163208,0.001654982566833496,0.0007103681564331055
382,1,5.9485435485839844e-05,4.875659942626953e-05,5.245208740234375e-05
383,0,0.0006365180015563965,0.001121819019317627,0.0003942251205444336
384,0,0.0012869834899902344,0.001369774341583252,0.0013982057571411133
385,0,0.0013219118118286133,0.0014511942863464355,0.0013550519943237305
387,0,0.0002084970474243164,0.00019156932830810547,0.0001742839813232422
390,0,0.0016186237335205078,0.0020856857299804688,0.002187073230743408
391,0,0.012645244598388672,0.015680909156799316,0.012198090553283691
394,0,0.0010180473327636719,0.0007593631744384766,0.0020838379859924316
395,0,0.00023108720779418945,0.0002480745315551758,0.0002442002296447754
404,0,0.00030922889709472656,0.00018024444580078125,0.00016438961029052734
405,0,0.03479248285293579,0.03917437791824341,0.037114739418029785
405,1,0.0002162456512451172,9.959936141967773e-05,0.00016880035400390625
406,0,0.0022258758544921875,0.002245962619781494,0.0019983649253845215
416,0,0.0007995367050170898,0.0005258321762084961,0.0010733604431152344
417,0,0.00032258033752441406,0.0006339550018310547,0.00011980533599853516
418,0,0.0012642145156860352,0.002017498016357422,0.0016889572143554688
419,0,1.800060272216797e-05,0.00011444091796875,2.2172927856445312e-05
424,0,0.0011992454528808594,0.0007790327072143555,0.0008982419967651367
426,0,0.0005266666412353516,0.0007300376892089844,0.0007574558258056641
429,0,0.0010387897491455078,0.0011078119277954102,0.0009507536888122559
430,0,0.004553556442260742,0.005200445652008057,0.0046302080154418945
431,0,0.0027952194213867188,0.0011849403381347656,0.0016819238662719727
432,0,0.00038313865661621094,0.0007406473159790039,0.0009307265281677246
435,0,0.0001240372657775879,0.00012046098709106445,0.00012677907943725586
436,0,0.00024944543838500977,5.322694778442383e-05,6.592273712158203e-05
447,0,0.0005325675010681152,0.0012867450714111328,0.0008241534233093262
449,0,0.0014469623565673828,0.0013103485107421875,0.0007274150848388672
451,0,0.0024916529655456543,0.01354527473449707,0.009103000164031982
451,1,0.0037947893142700195,0.008005738258361816,0.005823850631713867
453,0,0.0019549131393432617,0.002289414405822754,0.0024433135986328125
454,0,0.002698063850402832,0.0028703808784484863,0.003360271453857422
455,0,0.001164078712463379,0.0006091594696044922,0.0009913444519042969
456,0,0.00013720989227294922,0.0001996755599975586,0.00015735626220703125
457,0,0.000946342945098877,0.0025843381881713867,0.0027360916137695312
458,0,0.00012534856796264648,0.0006936192512512207,0.00024139881134033203
458,1,0.00019884109497070312,0.00022214651107788086,0.00021755695343017578
460,0,0.00016033649444580078,0.00048536062240600586,0.00024771690368652344
461,0,7.605552673339844e-05,6.973743438720703e-05,6.80685043334961e-05
462,0,9.143352508544922e-05,0.0003046989440917969,0.0003279447555541992
465,0,0.004117786884307861,0.0021570920944213867,0.0011658668518066406
466,0,0.0004189014434814453,0.00013637542724609375,0.0002903938293457031
467,0,3.337860107421875e-05,0.00012373924255371094,7.62939453125e-05
473,0,0.0003701448440551758,0.0005463361740112305,0.0007718205451965332
474,0,0.0010132193565368652,0.0006998181343078613,0.0010371208190917969
479,0,0.001583099365234375,0.0020678043365478516,0.002088606357574463
480,0,0.002629399299621582,0.0020368099212646484,0.0016834735870361328
480,1,0.0025703907012939453,0.0002986788749694824,0.0009469985961914062
481,0,9.357929229736328e-05,0.00011587142944335938,9.834766387939453e-05
482,0,0.0004405975341796875,0.00042569637298583984,0.0005320310592651367
487,0,7.110834121704102e-05,6.270408630371094e-05,7.56978988647461e-05
492,0,1.1205673217773438e-05,2.562999725341797e-06,1.7881393432617188e-06
495,0,6.020069122314453e-05,7.730722427368164e-05,0.00013911724090576172
498,0,0.002617359161376953,0.001673877239227295,0.0022077560424804688
499,0,0.004854142665863037,0.0054329633712768555,0.005794227123260498
500,0,0.0003046989440917969,0.00010138750076293945,6.175041198730469e-05
501,0,0.0044939517974853516,0.004910826683044434,0.00472944974899292
502,0,0.0015572309494018555,0.001320481300354004,0.001534104347229004
503,0,0.0010031461715698242,0.0009316802024841309,0.001065671443939209
504,0,0.00016838312149047852,0.0001710653305053711,0.00015664100646972656
505,0,0.0001163482666015625,0.0001278519630432129,0.0001946091651916504
506,0,0.0012770891189575195,0.0013275146484375,0.001201629638671875
509,0,1.2516975402832031e-06,3.170967102050781e-05,4.470348358154297e-06
509,1,1.6689300537109375e-05,7.140636444091797e-05,1.895427703857422e-05
513,0,0.001311182975769043,0.0005152225494384766,0.00040334463119506836
517,0,0.0002105236053466797,0.000540614128112793,0.002798795700073242
517,1,0.0001289844512939453,9.78708267211914e-05,0.00010561943054199219
518,0,0.00012922286987304688,0.0002633333206176758,0.000240325927734375
519,0,0.0023812055587768555,0.000428617000579834,0.00017791986465454102
526,0,0.020234107971191406,0.026753783226013184,0.023104727268218994
527,0,0.0010137557983398438,0.001451253890991211,0.0008261799812316895
529,0,0.003905653953552246,0.004154682159423828,0.004519283771514893
533,0,0.00023877620697021484,0.0009347200393676758,0.000906825065612793
534,0,0.0003333091735839844,0.00037676095962524414,0.0004954338073730469
538,0,2.8908252716064453e-05,2.8014183044433594e-05,5.137920379638672e-05
547,0,0.0005188584327697754,0.000910639762878418,0.0004782676696777344
548,0,0.0012980103492736816,0.0009645223617553711,0.0010981559753417969
549,0,0.00037109851837158203,0.00037729740142822266,0.00037789344787597656
556,0,0.0002047419548034668,0.00017303228378295898,0.00029164552688598633
558,0,8.720159530639648e-05,0.00026416778564453125,4.565715789794922e-05
559,0,0.00033992528915405273,0.0006151199340820312,0.0008345246315002441
561,0,0.003565490245819092,0.0026513338088989258,0.003136277198791504
566,0,0.0001327991485595703,0.00022715330123901367,0.00017750263214111328
569,0,0.0005195736885070801,0.00046825408935546875,0.00043064355850219727
572,0,9.834766387939453e-05,0.0003269314765930176,0.0002592802047729492
572,1,0.0012624859809875488,0.0008068680763244629,0.0009136199951171875
574,0,7.021427154541016e-05,4.9054622650146484e-05,4.1961669921875e-05
576,0,0.0033032894134521484,0.004138052463531494,0.003810703754425049
577,0,0.0001093149185180664,0.00010097026824951172,9.876489639282227e-05
579,0,7.271766662597656e-05,0.00022679567337036133,0.00015044212341308594
584,0,0.0002620816230773926,0.000710606575012207,0.0017668604850769043
593,0,0.0007886290550231934,0.0006492733955383301,0.0004838705062866211
603,0,0.0004703998565673828,0.0009384751319885254,0.0008911490440368652
611,0,0.0005300045013427734,0.0006389021873474121,0.0004577040672302246
614,0,2.0444393157958984e-05,0.00023126602172851562,0.00022149085998535156
616,0,0.0002186298370361328,0.00034558773040771484,0.0005489587783813477
619,0,0.0005145072937011719,0.0004317760467529297,0.0002238154411315918
619,1,0.00014352798461914062,0.00038367509841918945,0.00024580955505371094
621,0,0.0006328821182250977,0.0005728006362915039,0.00025790929794311523
621,1,0.0005612373352050781,0.0002868175506591797,0.0004526376724243164
622,0,0.0006104707717895508,0.0004620552062988281,0.0007904171943664551
623,0,1.728534698486328e-05,6.127357482910156e-05,5.2928924560546875e-05
626,0,0.012126564979553223,0.01768326759338379,0.02023494243621826
627,0,0.007097601890563965,0.010719656944274902,0.01068103313446045
632,0,0.0003561973571777344,0.00019669532775878906,0.0003129243850708008
634,0,0.0002435445785522461,0.00020766258239746094,0.0001659393310546875
636,0,0.00041294097900390625,0.0004686117172241211,0.00047451257705688477
638,0,0.0023963451385498047,0.0031239986419677734,0.0028818845748901367
639,0,9.608268737792969e-05,0.0001112818717956543,0.00010693073272705078
641,0,3.0994415283203125e-06,8.52346420288086e-06,4.827976226806641e-06
642,0,0.0002697110176086426,0.0003285408020019531,0.0003218650817871094
648,0,0.000531613826751709,0.00045883655548095703,0.0005027055740356445
648,1,0.004174530506134033,0.004529237747192383,0.0026886463165283203
649,0,7.486343383789062e-05,0.00021284818649291992,0.0001938343048095703
650,0,0.0070686936378479,0.003921985626220703,0.004614651203155518
651,0,0.0005260705947875977,0.001075148582458496,0.0013461112976074219
653,0,1.7821788787841797e-05,5.829334259033203e-05,3.17692756652832e-05
660,0,0.0001575946807861328,0.0006014704704284668,0.0008956193923950195
667,0,0.001238107681274414,0.0016412138938903809,0.0009086132049560547
668,0,0.0022776126861572266,0.004076361656188965,0.0035973787307739258
673,0,1.0132789611816406e-05,3.933906555175781e-06,8.702278137207031e-06
677,0,8.940696716308594e-06,7.152557373046875e-06,1.3232231140136719e-05
677,1,0.0017228126525878906,0.0011966824531555176,0.0010325908660888672
681,0,0.0003879070281982422,0.0005568861961364746,0.0005992650985717773
683,0,1.823902130126953e-05,3.236532211303711e-05,2.2411346435546875e-05
684,0,0.0023690462112426758,1.5139579772949219e-05,6.16312026977539e-05
686,0,0.0010576844215393066,0.002754390239715576,0.002925097942352295
686,1,0.0002211928367614746,0.0005141496658325195,0.00018137693405151367
688,0,0.004378199577331543,0.002430260181427002,0.0033349990844726562
689,0,2.7835369110107422e-05,3.3020973205566406e-05,4.118680953979492e-05
691,0,0.00040203332901000977,0.0002557039260864258,0.00039267539978027344
693,0,0.0008819699287414551,0.0016720294952392578,0.0011340975761413574
694,0,0.00034987926483154297,0.0028995871543884277,0.0039016008377075195
694,1,0.0003205537796020508,0.0004540085792541504,0.0007634758949279785
695,0,0.0029296875,0.004239082336425781,0.004030883312225342
697,0,0.0002435445785522461,0.00019115209579467773,0.0009780526161193848
701,0,0.0009125471115112305,0.0016082525253295898,0.001443028450012207
703,0,7.092952728271484e-05,8.034706115722656e-05,9.47713851928711e-05
710,0,9.906291961669922e-05,5.179643630981445e-05,8.392333984375e-05
712,0,0.00018090009689331055,0.00021886825561523438,0.00019174814224243164
716,0,0.0016858577728271484,0.005450010299682617,0.0036644935607910156
716,1,0.0005352497100830078,0.00018972158432006836,0.00033283233642578125
717,0,0.0027840137481689453,0.0011343955993652344,0.0013244152069091797
718,0,0.0009020566940307617,0.0007398128509521484,0.0007353425025939941
720,0,0.00174713134765625,0.0002561807632446289,0.0003662109375
722,0,0.00010418891906738281,3.2067298889160156e-05,2.5272369384765625e-05
723,0,0.010756373405456543,0.009750127792358398,0.00792461633682251
727,0,0.0003349781036376953,8.392333984375e-05,0.00011420249938964844
730,0,2.5391578674316406e-05,1.4543533325195312e-05,8.702278137207031e-06
731,0,0.004839539527893066,0.00764012336730957,0.004631638526916504
732,0,3.1888484954833984e-05,2.9802322387695312e-05,5.4955482482910156e-05
734,0,0.0011161565780639648,0.0010845065116882324,0.0012665987014770508
734,1,0.00027436017990112305,0.00016051530838012695,0.00012242794036865234
735,0,0.0018674135208129883,0.004955649375915527,0.004109084606170654
736,0,0.022220611572265625,0.020820975303649902,0.022518813610076904
739,0,0.0005632638931274414,0.0011058449745178223,0.0006833076477050781
741,0,0.00010085105895996094,0.00010192394256591797,0.00018107891082763672
746,0,0.0003516077995300293,0.0004426240921020508,0.0003268718719482422
747,0,0.001386880874633789,0.0017114877700805664,0.002619504928588867
747,1,0.006172239780426025,0.007530808448791504,0.006152749061584473
748,0,0.000984787940979004,0.0017552971839904785,0.0024623870849609375
748,1,0.006268620491027832,0.007389426231384277,0.007215917110443115
754,0,0.0005540847778320312,0.0005662441253662109,0.0009562969207763672
755,0,0.00016516447067260742,0.00015372037887573242,0.00014454126358032227
755,1,0.0013724565505981445,0.001563429832458496,0.001529097557067871
756,0,0.00015175342559814453,0.00020396709442138672,0.00014722347259521484
761,0,7.903575897216797e-05,6.908178329467773e-05,9.077787399291992e-05
766,0,0.00021022558212280273,0.0007526874542236328,0.0005869865417480469
767,0,0.014498114585876465,0.02397322654724121,0.016141057014465332
771,0,0.01376032829284668,0.017338693141937256,0.014917373657226562
773,0,0.0016058683395385742,0.0009393692016601562,0.00037229061126708984
775,0,0.001133561134338379,0.0034071803092956543,0.002139568328857422
776,0,0.03730118274688721,0.03466641902923584,0.03459322452545166
781,0,6.181001663208008e-05,6.020069122314453e-05,5.894899368286133e-05
782,0,0.0009008646011352539,0.0010482072830200195,0.0002721548080444336
784,0,0.0020446181297302246,0.0015653371810913086,0.001407623291015625
786,0,0.0002365708351135254,0.0001455545425415039,0.00018858909606933594
787,0,0.0005715489387512207,0.00031828880310058594,0.00039321184158325195
789,0,0.0047986507415771484,0.005795300006866455,0.005294442176818848
793,0,2.3066997528076172e-05,4.208087921142578e-05,1.519918441772461e-05
795,0,0.002552032470703125,0.002612590789794922,0.0017504692077636719
799,0,0.012119472026824951,0.013428211212158203,0.010805010795593262
802,0,0.002986907958984375,0.003011047840118408,0.0032938122749328613
802,1,0.0005417466163635254,0.0003593564033508301,0.00043517351150512695
804,0,8.14199447631836e-05,4.458427429199219e-05,9.268522262573242e-05
804,1,0.000729680061340332,0.0007426738739013672,0.0007593631744384766
807,0,0.0007493495941162109,0.0010535717010498047,0.0010111331939697266
808,0,0.0008592605590820312,0.0006448030471801758,0.000624537467956543
809,0,0.0033936500549316406,0.0028001070022583008,0.002950131893157959
811,0,0.00016808509826660156,0.00014787912368774414,0.00027489662170410156
817,0,0.0015192031860351562,0.0013466477394104004,0.0012816190719604492
820,0,0.00021475553512573242,0.0001907944679260254,0.00015348196029663086
822,0,0.00025278329849243164,0.0006642341613769531,0.0006458759307861328
823,0,0.01638317108154297,0.014524519443511963,0.01741713285446167
825,0,0.0004017353057861328,0.0016640424728393555,0.0006067752838134766
828,0,0.0026033520698547363,0.000946044921875,0.0014808177947998047
829,0,0.0008508563041687012,0.0015317201614379883,0.0007994771003723145
830,0,0.0004411935806274414,0.0005307197570800781,0.0007090568542480469
834,0,0.00023233890533447266,0.00016224384307861328,0.0002442002296447754
835,0,0.04952496290206909,0.059270262718200684,0.048331260681152344
842,0,0.0004401206970214844,0.0004105567932128906,0.0001266002655029297
843,0,0.002200484275817871,0.0029706358909606934,0.002450227737426758
844,0,0.008768796920776367,0.008956313133239746,0.008330464363098145
845,0,0.00043833255767822266,0.000310361385345459,0.0004241466522216797
846,0,0.00018298625946044922,0.00016254186630249023,8.600950241088867e-05
847,0,0.001479029655456543,0.0007970333099365234,0.0006802082061767578
848,0,0.0024262666702270508,0.005210280418395996,0.0023314356803894043
849,0,0.001935422420501709,0.0010492205619812012,0.001567840576171875
852,0,0.00027942657470703125,0.0007814168930053711,0.0005271434783935547
854,0,0.0019965767860412598,0.001522660255432129,0.002000570297241211
857,0,0.006825923919677734,0.0071866512298583984,0.010700464248657227
858,0,0.0011203885078430176,0.0014709830284118652,0.0012469291687011719
860,0,0.0011343955993652344,0.0024094581604003906,0.0023113489151000977
864,0,0.000937044620513916,0.0010896921157836914,0.0010322332382202148
864,1,0.00013786554336547852,0.0001480579376220703,0.00023257732391357422
865,0,5.1975250244140625e-05,0.0007653236389160156,0.0002243518829345703
866,0,0.00014823675155639648,0.0009277462959289551,0.0006309151649475098
869,0,0.00014913082122802734,5.137920379638672e-05,0.00011622905731201172
869,1,6.949901580810547e-05,3.921985626220703e-05,3.30805778503418e-05
870,0,0.0007342100143432617,0.0003555417060852051,0.0004023313522338867
871,0,0.009494006633758545,0.00458526611328125,0.0045566558837890625
873,0,0.0006109476089477539,0.0009815096855163574,0.0009161829948425293
874,0,9.119510650634766e-05,0.0007495880126953125,0.0006468296051025391
880,0,0.0016884803771972656,0.002026498317718506,0.0024266839027404785
881,0,0.00038635730743408203,0.00024819374084472656,0.0002651214599609375
887,0,0.004957318305969238,0.0052345991134643555,0.004544496536254883
887,1,0.0004183053970336914,0.0004299283027648926,0.0006645321846008301
888,0,0.00021606683731079102,0.0004831552505493164,0.0002651214599609375
892,0,0.0015100836753845215,0.0017303824424743652,0.0014314055442810059
892,1,0.004203677177429199,0.002245783805847168,0.0026921629905700684
894,0,0.00048148632049560547,0.00047647953033447266,0.0005699396133422852
895,0,0.007329225540161133,0.006456255912780762,0.0064972639083862305
897,0,0.00934743881225586,0.010993778705596924,0.008412420749664307
898,0,0.003876626491546631,0.0010771751403808594,0.0005717277526855469
900,0,0.020114481449127197,0.020095109939575195,0.020731449127197266
901,0,0.001069188117980957,0.0006574392318725586,0.00140380859375
905,0,0.03134286403656006,0.03804337978363037,0.03500652313232422
905,1,0.000809013843536377,0.0009259581565856934,0.0005131363868713379
907,0,0.0011622309684753418,0.0005511641502380371,0.0008785724639892578
908,0,0.0012333393096923828,0.000569760799407959,0.0008490085601806641
908,1,0.00013506412506103516,0.00046956539154052734,0.0002759695053100586
910,0,0.005683183670043945,0.0037978291511535645,0.005526423454284668
911,0,0.00012230873107910156,0.0002803206443786621,0.00014668703079223633
914,0,0.0007871389389038086,0.0013682842254638672,0.0012679100036621094
917,0,0.0018177032470703125,0.0026350021362304688,0.002146601676940918
918,0,0.0009311437606811523,0.0017314553260803223,0.001334071159362793
919,0,0.002058744430541992,0.0012438297271728516,0.001967489719390869
919,1,0.00037175416946411133,0.0002688765525817871,0.0003172159194946289
920,0,0.008337140083312988,0.007629513740539551,0.006529092788696289
920,1,8.07642936706543e-05,0.0002818107604980469,0.00019848346710205078
921,0,3.635883331298828e-06,1.71661376953125e-05,2.9802322387695312e-06
923,0,0.005888640880584717,0.006528794765472412,0.005467593669891357
924,0,0.0004737973213195801,0.00021135807037353516,0.0003212094306945801
925,0,0.0010613799095153809,0.00125807523727417,0.001360177993774414
926,0,0.0009530186653137207,0.0012180805206298828,0.0013068914413452148
927,0,0.0008428096771240234,0.00042897462844848633,0.0003414154052734375
929,0,0.0014853477478027344,0.00024056434631347656,0.0004832148551940918
929,1,0.0027180910110473633,0.005873501300811768,0.006214022636413574
932,0,0.0003846287727355957,0.0028718113899230957,0.002920985221862793
933,0,0.00513613224029541,0.0063231587409973145,0.006080269813537598
936,0,0.00038933753967285156,0.00032269954681396484,0.00035268068313598633
937,0,0.005057990550994873,0.008317291736602783,0.007347583770751953
941,0,0.001009225845336914,0.0010726451873779297,0.0017544031143188477
948,0,0.0014522075653076172,0.0016112327575683594,0.001302957534790039
949,0,0.00011521577835083008,0.00011414289474487305,0.0001100301742553711
951,0,0.003283262252807617,0.006799638271331787,0.005532979965209961
951,1,0.00319826602935791,0.00445324182510376,0.004062056541442871
953,0,0.0012575984001159668,0.0006480216979980469,0.0006214380264282227
953,1,4.291534423828125e-05,3.6656856536865234e-05,6.103515625e-05
956,0,7.82012939453125e-05,2.0265579223632812e-05,5.221366882324219e-05
963,0,0.0001690387725830078,0.0002480745315551758,0.00028640031814575195
964,0,0.006377816200256348,0.010218024253845215,0.010277986526489258
965,0,0.004720032215118408,0.008822143077850342,0.0068092942237854
968,0,0.00016939640045166016,4.029273986816406e-05,0.00012874603271484375
975,0,0.018572568893432617,0.021638870239257812,0.015269637107849121
977,0,8.285045623779297e-05,0.00017434358596801758,8.237361907958984e-05
977,1,0.0012056231498718262,0.0015859603881835938,0.0018993616104125977
978,0,0.0003612041473388672,0.0016318559646606445,0.001438140869140625
979,0,0.005420327186584473,0.004056274890899658,0.0029230117797851562
979,1,6.532669067382812e-05,0.00033473968505859375,0.00013488531112670898
980,0,0.0005838274955749512,0.0006218552589416504,0.00043904781341552734
981,0,0.0004646182060241699,0.0006060600280761719,0.0005547404289245605
986,0,0.003920078277587891,0.004084885120391846,0.0031681060791015625
987,0,0.0002250075340270996,0.00030481815338134766,0.0003198385238647461
989,0,6.16908073425293e-05,4.9054622650146484e-05,4.279613494873047e-05
990,0,0.0006236433982849121,0.0009527802467346191,0.0006473064422607422
990,1,0.0019159317016601562,0.009721755981445312,0.007889866828918457
991,0,3.254413604736328e-05,4.887580871582031e-06,0.00027567148208618164
992,0,0.004848182201385498,0.004244446754455566,0.005134642124176025
992,1,0.0004588961601257324,0.0010815858840942383,0.000876307487487793
993,0,0.00045692920684814453,0.00011664628982543945,0.00012195110321044922
