batch,slot,critic_r0,control_r0,critic_r1,control_r1,critic_r2,control_r2
0,0,0.0010622143745422363,0.0010411739349365234,0.0010499954223632812,0.001143813133239746,0.001272439956665039,0.0010035037994384766
0,1,0.0014357566833496094,0.0012384653091430664,0.0004525184631347656,0.0010755658149719238,0.0012372732162475586,0.0008600950241088867
2,0,0.0002799034118652344,0.0003504753112792969,0.0004321932792663574,0.00022214651107788086,0.00023889541625976562,0.0002758502960205078
4,0,0.0001914501190185547,0.0001818537712097168,0.0001894831657409668,0.0001582503318786621,0.00019741058349609375,0.0002243518829345703
6,0,0.00017201900482177734,0.00016570091247558594,0.00015687942504882812,0.00022143125534057617,0.00018548965454101562,0.00019824504852294922
7,0,0.000452578067779541,0.00039398670196533203,0.00037997961044311523,0.00040602684020996094,0.00037974119186401367,0.0003859996795654297
9,0,0.0006099939346313477,0.0006312131881713867,0.0005013942718505859,0.0005513429641723633,0.00044602155685424805,0.0007535219192504883
12,0,0.004930019378662109,0.00288546085357666,0.0034998059272766113,0.004673004150390625,0.0039827823638916016,0.002874612808227539
14,0,0.0035858154296875,0.0026140213012695312,0.003282904624938965,0.0029305219650268555,0.0024232864379882812,0.0034335851669311523
16,0,0.006635546684265137,0.006515681743621826,0.005244135856628418,0.0056684017181396484,0.0057228803634643555,0.0049283504486083984
17,0,0.001995384693145752,0.003656327724456787,0.0022140145301818848,0.0028026700019836426,0.0027097463607788086,0.0028047561645507812
18,0,0.00023049116134643555,0.0004134178161621094,0.0003444552421569824,0.00010538101196289062,0.0004143714904785156,0.00026607513427734375
20,0,0.0005435347557067871,0.00039017200469970703,0.0007238388061523438,0.0005806684494018555,0.0006553530693054199,0.0007238388061523438
22,0,0.008348226547241211,0.011090219020843506,0.011016428470611572,0.00837773084640503,0.007874369621276855,0.008184552192687988
23,0,0.00030219554901123047,5.698204040527344e-05,4.464387893676758e-05,0.00028520822525024414,0.00023663043975830078,0.0002560615539550781
26,0,0.00038546323776245117,0.00031191110610961914,0.00028967857360839844,0.00029593706130981445,0.00020039081573486328,0.0003547072410583496
28,0,0.000507056713104248,0.0005042552947998047,0.00032067298889160156,0.0003409385681152344,0.0006006360054016113,0.0005491375923156738
30,0,0.005119442939758301,0.004638791084289551,0.0036722421646118164,0.006209433078765869,0.0055348873138427734,0.006019949913024902
35,0,0.00014162063598632812,0.00029337406158447266,0.0003126859664916992,0.00024324655532836914,0.0004410743713378906,0.00019431114196777344
38,0,0.0008608102798461914,0.0015829801559448242,0.001891493797302246,0.0009232759475708008,0.0009429454803466797,0.0011458992958068848
38,1,0.0011906623840332031,0.0008459091186523438,0.0010182857513427734,0.001089334487915039,0.0008679032325744629,0.0012165307998657227
42,0,0.0007679462432861328,0.0010475516319274902,0.0010578036308288574,0.0009405016899108887,0.0010689496994018555,0.0008592009544372559
43,0,0.00013375282287597656,0.00012344121932983398,0.00021201372146606445,7.212162017822266e-05,0.00013566017150878906,0.0001195669174194336
46,0,0.032078325748443604,0.031324684619903564,0.031138360500335693,0.029871821403503418,0.03026890754699707,0.03190511465072632
47,0,0.013891875743865967,0.015254735946655273,0.01372450590133667,0.012509703636169434,0.015477597713470459,0.013454854488372803
47,1,0.00022423267364501953,0.00014823675155639648,0.00018912553787231445,0.00017958879470825195,0.00019937753677368164,0.00013971328735351562
48,0,0.00047838687896728516,0.0005117654800415039,0.0005737543106079102,0.00038951635360717773,0.00046831369400024414,0.0003718137741088867
49,0,0.006688475608825684,0.0047643184661865234,0.004966855049133301,0.006389439105987549,0.0061737895011901855,0.0061043500900268555
49,1,0.0014197826385498047,0.0016663074493408203,0.002030491828918457,0.0017545223236083984,0.0021460652351379395,0.001293778419494629
56,0,0.0010502338409423828,0.0012015104293823242,0.00112152099609375,0.001193404197692871,0.001130223274230957,0.0011959671974182129
56,1,0.00019621849060058594,0.00018334388732910156,0.00019687414169311523,8.094310760498047e-05,0.00019979476928710938,0.0002065896987915039
59,0,0.00019222497940063477,0.00028145313262939453,0.00024366378784179688,0.00021469593048095703,0.0003001689910888672,0.00029546022415161133
60,0,0.00022482872009277344,0.0002917051315307617,0.00021576881408691406,0.00035178661346435547,0.0002319812774658203,0.0002856254577636719
63,0,0.003143787384033203,0.00463557243347168,0.006354212760925293,0.004787802696228027,0.005028724670410156,0.005140423774719238
64,0,0.0009558200836181641,0.0007076859474182129,0.00032973289489746094,0.0004582405090332031,0.000536799430847168,0.0006020069122314453
64,1,0.003006458282470703,0.0027025938034057617,0.0027039051055908203,0.0029630064964294434,0.0026345252990722656,0.0027980804443359375
65,0,0.0004776120185852051,0.00044465065002441406,0.0005118846893310547,0.00046181678771972656,0.0004987716674804688,0.0004633665084838867
69,0,0.0005925893783569336,0.00040030479431152344,0.00041997432708740234,0.00032448768615722656,0.0005555152893066406,0.0003848075866699219
70,0,9.500980377197266e-05,9.59634780883789e-05,5.614757537841797e-05,9.369850158691406e-05,0.00014865398406982422,8.338689804077148e-05
72,0,0.0015386343002319336,0.0013058185577392578,0.0014625787734985352,0.0012781620025634766,0.0013028979301452637,0.0014601945877075195
80,0,0.0002860426902770996,0.0003522634506225586,0.00025469064712524414,0.00022304058074951172,0.00018477439880371094,0.00016063451766967773
81,0,1.0013580322265625e-05,1.5854835510253906e-05,1.9788742065429688e-05,1.9788742065429688e-05,1.3589859008789062e-05,1.0132789611816406e-05
83,0,0.0018488168716430664,0.0016366839408874512,0.0012398958206176758,0.0022287368774414062,0.0018273591995239258,0.0018439292907714844
84,0,0.00014853477478027344,0.00015431642532348633,0.0001532435417175293,0.00015336275100708008,0.00016880035400390625,0.00016951560974121094
84,1,0.005577564239501953,0.004895448684692383,0.004502773284912109,0.0050539374351501465,0.00533294677734375,0.004761636257171631
86,0,0.00013071298599243164,0.00010836124420166016,0.00010371208190917969,0.00015461444854736328,0.0001004934310913086,0.00012099742889404297
93,0,0.0007293820381164551,0.0004668235778808594,0.00035452842712402344,0.00021851062774658203,0.0004528164863586426,0.00035893917083740234
94,0,0.0043936967849731445,0.003959715366363525,0.004780113697052002,0.005292534828186035,0.0029249191284179688,0.002999424934387207
96,0,0.0363924503326416,0.029792606830596924,0.030702948570251465,0.026150822639465332,0.026716768741607666,0.029734492301940918
96,1,0.036475956439971924,0.03757333755493164,0.029152989387512207,0.03386712074279785,0.03341168165206909,0.03503614664077759
101,0,0.0005955696105957031,0.0007148981094360352,0.0007216930389404297,0.0005811452865600586,0.0008108615875244141,0.0006940960884094238
104,0,0.0014610886573791504,0.0007840991020202637,0.0012270212173461914,0.0007135868072509766,0.00119704008102417,0.000979304313659668
112,0,0.0009578466415405273,0.0005298852920532227,0.0009551048278808594,0.00141829252243042,0.0013707876205444336,0.001100301742553711
113,0,0.0014429092407226562,0.0017054080963134766,0.0014339089393615723,0.0017546415328979492,0.0016807317733764648,0.001786351203918457
113,1,0.0018611550331115723,0.0015330314636230469,0.0029624104499816895,0.0011706948280334473,0.001992344856262207,0.0019440054893493652
114,0,0.00014889240264892578,0.0002529621124267578,0.0001634359359741211,0.00019502639770507812,8.195638656616211e-05,0.00019371509552001953
119,0,0.0001283884048461914,0.00014013051986694336,8.618831634521484e-05,0.00012570619583129883,0.00010454654693603516,9.250640869140625e-05
120,0,0.0005366206169128418,0.00010895729064941406,0.00036728382110595703,0.00024002790451049805,0.00025391578674316406,0.00027126073837280273
122,0,0.0027962923049926758,0.002002418041229248,0.0023174285888671875,0.0023446083068847656,0.0022843480110168457,0.0018491744995117188
123,0,0.0001792311668395996,5.4001808166503906e-05,4.291534423828125e-05,0.00010949373245239258,0.00011855363845825195,0.0001361370086669922
124,0,0.0048542022705078125,0.00418323278427124,0.004390895366668701,0.005518436431884766,0.004582881927490234,0.004509389400482178
124,1,0.021374404430389404,0.02773153781890869,0.028127014636993408,0.02229464054107666,0.02446824312210083,0.018802285194396973
127,0,0.010649323463439941,0.01064687967300415,0.011904239654541016,0.009189009666442871,0.011600375175476074,0.009407281875610352
127,1,0.00191575288772583,0.0018778443336486816,0.002768278121948242,0.0022684335708618164,0.001490950584411621,0.001456618309020996
130,0,0.002058088779449463,0.0022336244583129883,0.002215564250946045,0.0023390650749206543,0.0023114681243896484,0.001978754997253418
131,0,0.0033996105194091797,0.0032807588577270508,0.003666996955871582,0.0033876895904541016,0.0036919116973876953,0.0032407045364379883
134,0,0.004550158977508545,0.003979802131652832,0.004028737545013428,0.003618776798248291,0.0042150020599365234,0.004520893096923828
135,0,0.00015485286712646484,0.00028699636459350586,0.0004754066467285156,0.00031822919845581055,0.0005953311920166016,0.0002726316452026367
136,0,0.00017875432968139648,0.00011342763900756836,0.0003574490547180176,0.00021463632583618164,0.0001302957534790039,0.0005741119384765625
136,1,9.816884994506836e-05,0.00023233890533447266,0.00029480457305908203,0.00014579296112060547,0.00014388561248779297,5.894899368286133e-05
138,0,0.0005608797073364258,0.0006093382835388184,0.0006865859031677246,0.0005699992179870605,0.0006639361381530762,0.0006355047225952148
139,0,0.0046242475509643555,0.004192471504211426,0.003562629222869873,0.0031922459602355957,0.004149317741394043,0.003468632698059082
139,1,0.00042188167572021484,0.0005646944046020508,0.0005657076835632324,0.0006310343742370605,0.0005095005035400391,0.0005475282669067383
141,0,0.0023599863052368164,0.0031971335411071777,0.003230571746826172,0.0027111172676086426,0.0034082531929016113,0.00349271297454834
146,0,0.0002703666687011719,0.0004608035087585449,0.0003476738929748535,0.0002524256706237793,0.00017654895782470703,0.00028705596923828125
148,0,0.0009905099868774414,0.0005470514297485352,0.0007291436195373535,0.00033658742904663086,0.0010629892349243164,0.0006349682807922363
148,1,7.587671279907227e-05,9.834766387939453e-05,9.02414321899414e-05,7.659196853637695e-05,9.846687316894531e-05,0.00010150671005249023
149,0,0.004570484161376953,0.0070999860763549805,0.0047686100006103516,0.007392168045043945,0.00621950626373291,0.006703376770019531
150,0,0.0012611150741577148,0.0014521479606628418,0.0012413263320922852,0.0010548233985900879,0.0014687180519104004,0.00136566162109375
151,0,0.0001423358917236328,0.00013077259063720703,6.35981559753418e-05,9.077787399291992e-05,0.00010842084884643555,0.00017845630645751953
156,0,0.00014674663543701172,0.0001538991928100586,0.000125885009765625,0.0001392364501953125,0.0001208186149597168,0.0001742839813232422
158,0,4.774332046508789e-05,0.0009733438491821289,0.00028836727142333984,0.0001361370086669922,0.0009137392044067383,0.0002009868621826172
159,0,0.0006313323974609375,0.0003237724304199219,0.000265657901763916,0.00023627281188964844,0.00029546022415161133,0.0002655982971191406
160,0,0.0007182955741882324,0.0011138319969177246,0.0013875961303710938,0.0010199546813964844,0.001828908920288086,0.0014650225639343262
161,0,0.0026444196701049805,0.002559185028076172,0.0013518333435058594,0.001354992389678955,0.0019909143447875977,0.003198862075805664
165,0,0.0002580881118774414,0.00022721290588378906,0.0001545548439025879,0.00018286705017089844,0.00026702880859375,0.00024265050888061523
167,0,0.0030019283294677734,0.0020226240158081055,0.0010226964950561523,0.0029692649841308594,0.0017963647842407227,0.001125931739807129
168,0,0.015169262886047363,0.014147043228149414,0.007219791412353516,0.012836217880249023,0.014712214469909668,0.01286160945892334
169,0,0.016751408576965332,0.023915767669677734,0.019492268562316895,0.017126619815826416,0.019553840160369873,0.017831087112426758
170,0,0.0008447170257568359,0.0010004043579101562,0.0010520219802856445,0.0007625818252563477,0.0011042356491088867,0.0006183385848999023
172,0,0.0011217594146728516,0.0012003183364868164,0.001145005226135254,0.001258254051208496,0.000996232032775879,0.0011563301086425781
179,0,0.0001704692840576172,0.0002338886260986328,0.0002346038818359375,0.00019931793212890625,0.00014716386795043945,0.0003548860549926758
179,1,0.00011110305786132812,5.048513412475586e-05,0.00012362003326416016,9.649991989135742e-05,5.245208740234375e-05,8.463859558105469e-05
180,0,0.038842082023620605,0.03302609920501709,0.038678884506225586,0.03283339738845825,0.04010939598083496,0.04327434301376343
181,0,0.00041753053665161133,0.00022673606872558594,0.0004031658172607422,0.000520169734954834,0.0006757378578186035,0.0004368424415588379
182,0,0.0008696913719177246,0.0010303258895874023,0.0008195638656616211,9.912252426147461e-05,0.00023365020751953125,0.0015066266059875488
184,0,3.2186508178710938e-06,2.6226043701171875e-06,2.6226043701171875e-06,3.4570693969726562e-06,2.7418136596679688e-06,5.4836273193359375e-06
189,0,0.0023485422134399414,0.0024297237396240234,0.0013950467109680176,0.003161907196044922,0.0023734569549560547,0.0025923848152160645
190,0,8.678436279296875e-05,0.0001443028450012207,9.906291961669922e-05,0.0001258254051208496,0.00010728836059570312,0.00015693902969360352
191,0,0.0029498934745788574,0.0037196874618530273,0.00341188907623291,0.0036956071853637695,0.004426419734954834,0.0036505460739135742
193,0,0.00040990114212036133,0.0004267096519470215,0.0003905296325683594,0.00044542551040649414,0.0004404783248901367,0.00042635202407836914
194,0,0.005417227745056152,0.008173227310180664,0.009023427963256836,0.010364890098571777,0.0079498291015625,0.009186983108520508
195,0,0.0024763941764831543,0.002471327781677246,0.0026134252548217773,0.002306222915649414,0.002765059471130371,0.002849280834197998
195,1,0.0019426941871643066,0.0026473402976989746,0.0017709732055664062,0.0027971863746643066,0.0034180879592895508,0.00289762020111084
199,0,0.003225088119506836,0.003914058208465576,0.004599153995513916,0.0032150745391845703,0.0030754804611206055,0.0044248104095458984
206,0,9.40561294555664e-05,9.560585021972656e-05,0.00012511014938354492,0.00012630224227905273,0.00010228157043457031,0.00012290477752685547
207,0,0.005941987037658691,0.006712079048156738,0.0061629414558410645,0.005691945552825928,0.007214725017547607,0.0056989192962646484
208,0,5.435943603515625e-05,3.62396240234375e-05,3.540515899658203e-05,2.9742717742919922e-05,3.24249267578125e-05,2.396106719970703e-05
213,0,0.0002493858337402344,0.0008373260498046875,0.0006528496742248535,0.0009203553199768066,0.0005216002464294434,0.0004055500030517578
214,0,0.0005603432655334473,0.00033980607986450195,0.0007068514823913574,0.0005025267601013184,0.0005584955215454102,0.0004156827926635742
214,1,0.003621995449066162,0.0025101900100708008,0.00039392709732055664,0.0017139911651611328,0.00112992525100708,0.0007929801940917969
215,0,0.00033736228942871094,3.6597251892089844e-05,0.000186920166015625,4.589557647705078e-05,0.00043660402297973633,0.00019890069961547852
218,0,0.00013566017150878906,0.00026607513427734375,5.984306335449219e-05,0.0002269148826599121,4.941225051879883e-05,0.0001035928726196289
220,0,0.025217056274414062,0.02147650718688965,0.020797550678253174,0.025547444820404053,0.02257394790649414,0.02322477102279663
224,0,0.0009440779685974121,0.000957489013671875,0.00034606456756591797,0.0008287429809570312,0.0012974143028259277,9.697675704956055e-05
231,0,0.00012683868408203125,0.00019925832748413086,0.0002256631851196289,0.00021195411682128906,0.00016939640045166016,0.00019443035125732422
237,0,0.0005232691764831543,0.0007154345512390137,0.0006464719772338867,0.0006723403930664062,0.0007942914962768555,0.0006113052368164062
240,0,0.00046318769454956055,0.0005631446838378906,0.0009955167770385742,0.00037491321563720703,0.0003622770309448242,0.0006811618804931641
241,0,0.004424393177032471,0.004117906093597412,0.004266083240509033,0.006012082099914551,0.0034524202346801758,0.0055348873138427734
242,0,0.00014978647232055664,0.0001442432403564453,0.00016260147094726562,6.389617919921875e-05,0.00017374753952026367,0.00013148784637451172
243,0,6.377696990966797e-06,9.715557098388672e-06,5.841255187988281e-06,1.0907649993896484e-05,6.318092346191406e-06,4.649162292480469e-06
244,0,0.0017653703689575195,0.0024375319480895996,0.0016124248504638672,0.0023186206817626953,0.0022314786911010742,0.002135157585144043
249,0,0.0028620362281799316,0.004707217216491699,0.00231248140335083,0.0020059943199157715,0.002556324005126953,0.0038352608680725098
252,0,0.0018798112869262695,0.0022193193435668945,0.0027180910110473633,0.0020949244499206543,0.0024462342262268066,0.002583742141723633
252,1,0.00013834238052368164,0.00011521577835083008,0.00011289119720458984,0.00011539459228515625,0.00010448694229125977,0.00013065338134765625
253,0,0.0010858774185180664,0.0011619329452514648,0.0013614296913146973,0.0012704133987426758,0.0013494491577148438,0.0011458396911621094
254,0,0.0007191896438598633,0.0010440349578857422,0.0009851455688476562,0.0008144378662109375,0.0007470250129699707,0.0009601712226867676
258,0,0.01820141077041626,0.014157235622406006,0.02084106206893921,0.0249783992767334,0.01806807518005371,0.02312546968460083
260,0,0.07192933559417725,0.08584296703338623,0.07088994979858398,0.08017659187316895,0.08413755893707275,0.07452774047851562
260,1,5.060434341430664e-05,0.0007033348083496094,0.00048345327377319336,0.0012118816375732422,7.450580596923828e-05,6.198883056640625e-05
262,0,0.0018934011459350586,0.0020140409469604492,0.0016350150108337402,0.0020470619201660156,0.0018126964569091797,0.0022234320640563965
266,0,0.0002671480178833008,0.0002815723419189453,0.00015616416931152344,0.0002524256706237793,0.00018668174743652344,0.0003249049186706543
274,0,0.0006340742111206055,0.0007684230804443359,0.0006507039070129395,0.0004913806915283203,0.0006555318832397461,0.0005414485931396484
276,0,0.0037298202514648438,0.0021829605102539062,0.003445148468017578,0.00242769718170166,0.0033165812492370605,0.0026457905769348145
281,0,0.003957688808441162,0.006636381149291992,0.006534993648529053,0.003408074378967285,0.005076169967651367,0.0045528411865234375
282,0,0.0002511143684387207,0.0004967451095581055,0.0006704330444335938,0.00039845705032348633,0.0006095767021179199,0.0006963610649108887
286,0,0.00027954578399658203,0.00038552284240722656,0.00032532215118408203,0.0001856684684753418,0.000538945198059082,0.00038301944732666016
287,0,0.00033664703369140625,0.00031244754791259766,0.0004488229751586914,0.00036835670471191406,8.994340896606445e-05,0.0004017353057861328
288,0,0.002479076385498047,0.0030124783515930176,0.0028769969940185547,0.0028911828994750977,0.0036530494689941406,0.003072023391723633
289,0,0.001172780990600586,0.0007544159889221191,0.0006407499313354492,0.0007035732269287109,0.0007790327072143555,0.0007426738739013672
291,0,0.0054787397384643555,0.00787508487701416,0.00614321231842041,0.005057394504547119,0.009028434753417969,0.007578849792480469
292,0,0.0013138651847839355,0.0018895864486694336,0.002450227737426758,0.0017876029014587402,0.002758622169494629,0.0013374686241149902
292,1,0.00023251771926879883,0.00020039081573486328,0.0002060532569885254,0.0001697540283203125,0.00029015541076660156,0.0002053976058959961
293,0,0.003967344760894775,0.003117680549621582,0.003311634063720703,0.0035982131958007812,0.003102719783782959,0.0034494400024414062
296,0,0.024685978889465332,0.029465079307556152,0.029935896396636963,0.02676260471343994,0.027879714965820312,0.02650630474090576
298,0,0.003134489059448242,0.002809762954711914,0.0027260780334472656,0.0026872754096984863,0.002971351146697998,0.0025506019592285156
300,0,0.001628279685974121,0.002171039581298828,0.0024510622024536133,0.002011597156524658,0.002203702926635742,0.0022714734077453613
304,0,0.0003333091735839844,0.00026851892471313477,0.00022357702255249023,0.0002561807632446289,0.0002976059913635254,0.00030672550201416016
312,0,0.0003395676612854004,0.00014472007751464844,0.00017249584197998047,0.00012969970703125,0.0001819133758544922,0.00015294551849365234
316,0,9.232759475708008e-05,9.375810623168945e-05,8.493661880493164e-05,0.00010371208190917969,9.369850158691406e-05,8.988380432128906e-05
318,0,5.441904067993164e-05,0.0001405477523803711,1.9729137420654297e-05,0.00010907649993896484,3.5643577575683594e-05,0.00014901161193847656
320,0,0.0009497404098510742,0.0012215971946716309,0.0014591813087463379,0.0008452534675598145,0.0012788772583007812,0.0011540651321411133
322,0,0.004672884941101074,0.004446268081665039,0.004318833351135254,0.004125058650970459,0.004167377948760986,0.004155516624450684
323,0,1.6391277313232422e-05,0.00011706352233886719,6.175041198730469e-05,0.00025975704193115234,0.0001665949821472168,0.00021970272064208984
324,0,0.002441883087158203,0.0028374195098876953,0.0030211210250854492,0.0028075575828552246,0.0036906003952026367,0.003370046615600586
327,0,0.0001233816146850586,0.00010919570922851562,0.00013184547424316406,0.00012385845184326172,0.00011432170867919922,0.00011599063873291016
329,0,0.00012820959091186523,0.00019174814224243164,0.0004381537437438965,0.00019806623458862305,0.0001939535140991211,0.00044471025466918945
331,0,0.0038121938705444336,0.004375874996185303,0.0045552849769592285,0.0039052963256835938,0.004571437835693359,0.004747986793518066
333,0,8.487701416015625e-05,0.00013875961303710938,0.00017112493515014648,0.0001246929168701172,0.0001838207244873047,0.00028192996978759766
334,0,0.0010781288146972656,0.0012404918670654297,0.0010299086570739746,0.001288771629333496,0.0011216402053833008,0.001007676124572754
334,1,0.00273972749710083,0.0030975341796875,0.0028737783432006836,0.00272446870803833,0.003041505813598633,0.0028882622718811035
335,0,0.0013756752014160156,0.0013494491577148438,0.0004870295524597168,0.0009944438934326172,0.0012099742889404297,0.0007589459419250488
336,0,0.007717013359069824,0.008911490440368652,0.008986473083496094,0.008314967155456543,0.008298099040985107,0.007916808128356934
338,0,0.0010836124420166016,0.0012401342391967773,0.0007326602935791016,0.000718235969543457,0.0004917383193969727,0.001080930233001709
340,0,0.00046324729919433594,0.0004583597183227539,0.0005993247032165527,0.00040435791015625,0.00039464235305786133,0.0006138086318969727
343,0,0.0013366341590881348,0.001881241798400879,0.004400312900543213,0.002027750015258789,0.0032411813735961914,0.002284407615661621
344,0,0.0003719329833984375,0.00014525651931762695,0.0004184246063232422,0.0001627802848815918,0.00029331445693969727,0.00020331144332885742
349,0,0.01649230718612671,0.017475247383117676,0.012398898601531982,0.018380045890808105,0.013675093650817871,0.017813801765441895
350,0,0.00018727779388427734,0.0005443692207336426,0.0006353855133056641,0.00028008222579956055,0.0008768439292907715,0.00034946203231811523
351,0,0.0008476972579956055,0.0014564990997314453,0.0012407302856445312,0.0009314417839050293,0.0011993646621704102,0.002721071243286133
353,0,0.016214609146118164,0.014468669891357422,0.011017799377441406,0.01241159439086914,0.010180234909057617,0.009631156921386719
354,0,0.002755403518676758,0.002486586570739746,0.0028933286666870117,0.002081155776977539,0.002053499221801758,0.0021241307258605957
355,0,0.0051850080490112305,0.004779815673828125,0.004429221153259277,0.0063811540603637695,0.004107356071472168,0.005283355712890625
355,1,0.0017356276512145996,0.0022394657135009766,0.0016463994979858398,0.0016020536422729492,0.001303553581237793,0.0020221471786499023
361,0,0.017003417015075684,0.017543256282806396,0.018810272216796875,0.016713500022888184,0.01950252056121826,0.018330752849578857
361,1,0.00046837329864501953,0.0003113746643066406,0.0005645155906677246,0.0008857250213623047,0.0006810426712036133,0.0005730390548706055
367,0,0.006547510623931885,0.006138801574707031,0.00696873664855957,0.006886839866638184,0.007038235664367676,0.0073119401931762695
369,0,0.0005849599838256836,0.0009330511093139648,0.0004056692123413086,0.0003222227096557617,0.0005914568901062012,0.000830531120300293
370,0,0.0002734661102294922,0.00023102760314941406,0.00014019012451171875,0.0003261566162109375,0.00033539533615112305,0.00025081634521484375
371,0,6.198883056640625e-05,0.00010752677917480469,7.575750350952148e-05,0.00016242265701293945,5.364418029785156e-05,9.417533874511719e-05
372,0,0.00047206878662109375,0.0004705190658569336,0.0005922317504882812,0.00048530101776123047,0.0006254911422729492,0.0004890561103820801
373,0,0.0057259202003479,0.007763981819152832,0.01077723503112793,0.006673753261566162,0.0042018890380859375,0.007188320159912109
377,0,0.0005862712860107422,0.0005763769149780273,0.0005400776863098145,0.0006402730941772461,0.000609278678894043,0.0005259513854980469
378,0,0.00011348724365234375,0.00020575523376464844,7.49826431274414e-05,6.401538848876953e-05,0.00015354156494140625,0.00015169382095336914
382,0,0.0007107257843017578,0.0016581416130065918,0.0007717609405517578,0.0006791353225708008,0.000492095947265625,0.0009152889251708984
382,1,5.233287811279297e-05,4.851818084716797e-05,5.6743621826171875e-05,5.4776668548583984e-05,5.137920379638672e-05,5.036592483520508e-05
383,0,0.0003952980041503906,0.0011165142059326172,0.0004100799560546875,0.000508725643157959,0.0007506608963012695,0.0007887482643127441
384,0,0.001400589942932129,0.0013670921325683594,0.001944899559020996,0.0018448829650878906,0.0011725425720214844,0.0015178322792053223
385,0,0.0013560652732849121,0.0014371275901794434,0.0017145872116088867,0.001686394214630127,0.0012998580932617188,0.0015375614166259766
387,0,0.00017499923706054688,0.00019240379333496094,0.00023221969604492188,0.00016057491302490234,0.00022923946380615234,0.00013339519500732422
390,0,0.0021919608116149902,0.0020911693572998047,0.0022927522659301758,0.0017936229705810547,0.0023164749145507812,0.0018790364265441895
391,0,0.012211263179779053,0.015667200088500977,0.014481067657470703,0.01493304967880249,0.014259099960327148,0.014252722263336182
394,0,0.0021182894706726074,0.0007653236389160156,0.0013135075569152832,0.0013884305953979492,0.0018157362937927246,0.002341032028198242
395,0,0.00024396181106567383,0.000247955322265625,0.0002073049545288086,0.00021791458129882812,0.00023049116134643555,0.00023114681243896484
404,0,0.0001640915870666504,0.00018012523651123047,0.00011354684829711914,0.0002192854881286621,8.231401443481445e-05,0.0001938939094543457
405,0,0.03709721565246582,0.039332032203674316,0.048805058002471924,0.03408128023147583,0.03141993284225464,0.041551828384399414
405,1,0.0001671314239501953,9.936094284057617e-05,0.00015366077423095703,0.00012803077697753906,0.0001437664031982422,0.00011742115020751953
406,0,0.0019911527633666992,0.002247154712677002,0.0014258623123168945,0.0021907687187194824,0.002054452896118164,0.0021027326583862305
416,0,0.0010701417922973633,0.0005350112915039062,0.000970005989074707,0.0004265904426574707,0.0010190010070800781,0.0005154013633728027
417,0,0.00011968612670898438,0.0006406903266906738,0.00023823976516723633,0.00013405084609985352,0.0001424551010131836,0.00013566017150878906
418,0,0.0016959905624389648,0.0020281076431274414,0.0016703009605407715,0.002283453941345215,0.0017253756523132324,0.0017732977867126465
419,0,2.1576881408691406e-05,0.00011199712753295898,0.0002377033233642578,7.456541061401367e-05,0.00021582841873168945,0.00018078088760375977
424,0,0.0008975863456726074,0.0007789134979248047,0.0008800625801086426,0.0007023811340332031,0.0008703470230102539,0.0008329153060913086
426,0,0.0007564425468444824,0.0007292628288269043,0.000716865062713623,0.0007228851318359375,0.0006694197654724121,0.0007914304733276367
429,0,0.000949859619140625,0.0011185407638549805,0.0006176233291625977,0.0007805228233337402,0.0006977319717407227,0.0009927153587341309
430,0,0.0046471357345581055,0.005188047885894775,0.004910171031951904,0.004861593246459961,0.004773974418640137,0.003990769386291504
431,0,0.0016824007034301758,0.0011841654777526855,0.003992736339569092,0.0031681060791015625,0.0022736787796020508,0.0026117563247680664
432,0,0.0008504390716552734,0.0007411837577819824,0.0008602738380432129,0.0007293820381164551,0.000680088996887207,0.0006936788558959961
435,0,0.0001278519630432129,0.00011861324310302734,0.0001958608627319336,0.000110626220703125,0.00018364191055297852,0.00015562772750854492
436,0,6.854534149169922e-05,4.935264587402344e-05,3.790855407714844e-05,0.00016874074935913086,9.047985076904297e-05,0.0001550912857055664
447,0,0.0008260011672973633,0.001289069652557373,0.0005791783332824707,0.0010799169540405273,0.0008131265640258789,0.0007905960083007812
449,0,0.0007261037826538086,0.0012943744659423828,0.0007367134094238281,0.000641167163848877,0.00141143798828125,0.0015454292297363281
451,0,0.009089112281799316,0.013622283935546875,0.012983918190002441,0.008617877960205078,0.010426878929138184,0.011309921741485596
451,1,0.005793333053588867,0.00799417495727539,0.006129205226898193,0.0070230960845947266,0.0072515010833740234,0.009506583213806152
453,0,0.0024633407592773438,0.0023039579391479492,0.0012160539627075195,0.0017906427383422852,0.002536296844482422,0.001725614070892334
454,0,0.0033873319625854492,0.0028960704803466797,0.003988385200500488,0.003423154354095459,0.0029860734939575195,0.003807544708251953
455,0,0.000986635684967041,0.0006127357482910156,0.00046253204345703125,0.0008437037467956543,0.0005182623863220215,0.0005589127540588379
456,0,0.00015747547149658203,0.00019890069961547852,0.00016444921493530273,0.00015914440155029297,0.0001761317253112793,0.0001569986343383789
457,0,0.00273740291595459,0.0025830864906311035,0.001508474349975586,0.0016629695892333984,0.0016235709190368652,0.001148223876953125
458,0,0.00024276971817016602,0.0006899833679199219,0.0006542205810546875,0.0007401704788208008,0.0004017949104309082,0.0006445646286010742
458,1,0.00021886825561523438,0.00022399425506591797,0.00021153688430786133,0.00022161006927490234,0.0001862049102783203,0.00017213821411132812
460,0,0.0002472400665283203,0.00048160552978515625,0.00018286705017089844,0.0006239414215087891,0.00028187036514282227,0.0007951259613037109
461,0,6.908178329467773e-05,6.937980651855469e-05,5.0127506256103516e-05,4.374980926513672e-05,7.927417755126953e-05,4.0650367736816406e-05
462,0,0.0003294944763183594,0.00031620264053344727,0.0002722740173339844,0.00029271841049194336,0.0003451108932495117,0.0004348158836364746
465,0,0.0011613965034484863,0.002159297466278076,0.0018247365951538086,0.0010749101638793945,0.0029216408729553223,0.0017681121826171875
466,0,0.00028955936431884766,0.0001399517059326172,0.00019222497940063477,8.797645568847656e-05,0.0001462697982788086,0.0002340078353881836
467,0,7.641315460205078e-05,0.0001239776611328125,6.210803985595703e-05,0.00010907649993896484,0.00010162591934204102,8.988380432128906e-05
473,0,0.0007747411727905273,0.0005397200584411621,0.0005356073379516602,0.0008161067962646484,0.000706017017364502,0.0007353425025939941
474,0,0.001031339168548584,0.0007843971252441406,0.0008676648139953613,0.001909494400024414,0.0010493993759155273,0.0009182095527648926
479,0,0.0020906925201416016,0.002066493034362793,0.001743912696838379,0.0013127923011779785,0.0017233490943908691,0.002054750919342041
480,0,0.001676321029663086,0.0020328164100646973,0.0014802813529968262,0.0013872385025024414,0.001850903034210205,0.001606583595275879
480,1,0.0009382963180541992,0.00030094385147094727,0.0012786388397216797,0.001775503158569336,0.0012996792793273926,0.0016824007034301758
481,0,9.888410568237305e-05,0.0001176595687866211,0.00012350082397460938,0.00014644861221313477,0.00013887882232666016,0.00012534856796264648
482,0,0.0005310177803039551,0.0004278421401977539,0.0005247592926025391,0.000571131706237793,0.0005350112915039062,0.0004831552505493164
487,0,7.551908493041992e-05,6.222724914550781e-05,6.92605972290039e-05,7.05718994140625e-05,6.407499313354492e-05,7.075071334838867e-05
492,0,2.0265579223632812e-06,2.8014183044433594e-06,4.6372413635253906e-05,6.836652755737305e-05,6.556510925292969e-06,2.6226043701171875e-06
495,0,0.00013768672943115234,7.402896881103516e-05,9.775161743164062e-05,0.00017088651657104492,7.82012939453125e-05,0.00014632940292358398
498,0,0.0022073984146118164,0.0016910433769226074,0.0020332932472229004,0.0013235807418823242,0.0027115345001220703,0.0022826194763183594
499,0,0.005784273147583008,0.0054291486740112305,0.006834268569946289,0.005261421203613281,0.004651665687561035,0.00593113899230957
500,0,0.00018835067749023438,0.00010067224502563477,5.185604095458984e-06,2.8014183044433594e-05,3.933906555175781e-05,0.00011360645294189453
501,0,0.00473707914352417,0.00491487979888916,0.00466001033782959,0.0042400360107421875,0.004902958869934082,0.004339933395385742
502,0,0.0015274882316589355,0.001323103904724121,0.0016198158264160156,0.0015274286270141602,0.001362442970275879,0.0017130374908447266
503,0,0.0010657906532287598,0.0009357333183288574,0.0008492469787597656,0.000897824764251709,0.001020193099975586,0.0009452104568481445
504,0,0.00015598535537719727,0.0001716017723083496,0.0001131296157836914,0.0001596212387084961,0.00011050701141357422,0.00020205974578857422
505,0,0.00019633769989013672,0.00012880563735961914,0.0001430511474609375,0.0001728534698486328,7.647275924682617e-05,0.00036263465881347656
506,0,0.001202702522277832,0.0013141632080078125,0.001317143440246582,0.001166999340057373,0.0012183785438537598,0.0010512471199035645
509,0,4.351139068603516e-06,3.2067298889160156e-05,1.2516975402832031e-06,5.662441253662109e-06,2.0265579223632812e-06,8.881092071533203e-06
509,1,1.8596649169921875e-05,7.092952728271484e-05,5.048513412475586e-05,2.5212764739990234e-05,1.4781951904296875e-05,3.421306610107422e-05
513,0,0.0003943443298339844,0.0005149245262145996,0.0007998943328857422,9.047985076904297e-05,0.0005445480346679688,0.00022840499877929688
517,0,0.0028228759765625,0.000534355640411377,0.0013191699981689453,0.00027763843536376953,0.0006843805313110352,0.0020194053649902344
517,1,0.00010472536087036133,9.554624557495117e-05,0.00011301040649414062,0.00010335445404052734,0.0001513957977294922,0.0001068115234375
518,0,0.00023877620697021484,0.0002624392509460449,0.0002948641777038574,0.0003533363342285156,0.0002579689025878906,0.00014734268188476562
519,0,0.00017940998077392578,0.0004302859306335449,0.0010953545570373535,0.00038814544677734375,0.0001545548439025879,0.0002770423889160156
526,0,0.023164808750152588,0.026766300201416016,0.030941665172576904,0.023478448390960693,0.036595702171325684,0.03205794095993042
527,0,0.000825047492980957,0.0014685988426208496,0.001965463161468506,0.0005042552947998047,0.0013889074325561523,0.0019425153732299805
529,0,0.0044994354248046875,0.004130721092224121,0.004047036170959473,0.003836989402770996,0.0039757490158081055,0.004209339618682861
533,0,0.00090789794921875,0.0009254813194274902,0.0006518959999084473,0.0019319653511047363,0.002392590045928955,0.0008966922760009766
534,0,0.0004951357841491699,0.0003713369369506836,0.0003559589385986328,0.0003840327262878418,0.0004508495330810547,0.0004413127899169922
538,0,5.131959915161133e-05,2.8133392333984375e-05,2.8371810913085938e-05,6.783008575439453e-05,3.260374069213867e-05,6.985664367675781e-05
547,0,0.0004826188087463379,0.0009112358093261719,0.0005785226821899414,0.0005900859832763672,0.0006428360939025879,0.0008832812309265137
548,0,0.0010918974876403809,0.0009618401527404785,0.0013963580131530762,0.0012812614440917969,0.001095890998840332,0.0012325048446655273
549,0,0.00037789344787597656,0.00037735700607299805,0.00042879581451416016,0.00042319297790527344,0.0003928542137145996,0.00039321184158325195
556,0,0.000291287899017334,0.00017333030700683594,0.00012201070785522461,0.00026738643646240234,0.0001614689826965332,0.00019806623458862305
558,0,4.583597183227539e-05,0.00026172399520874023,8.875131607055664e-05,0.00013720989227294922,7.814168930053711e-05,8.64267349243164e-05
559,0,0.0008355379104614258,0.0006188154220581055,0.0012863874435424805,0.0005664229393005371,0.0007612109184265137,0.0005927681922912598
561,0,0.0031372904777526855,0.002640962600708008,0.0021971464157104492,0.0028430819511413574,0.0021152496337890625,0.002923905849456787
566,0,0.0001774430274963379,0.00022739171981811523,0.00016927719116210938,0.00021666288375854492,0.00018870830535888672,0.00017720460891723633
569,0,0.00043642520904541016,0.00046241283416748047,0.0003654956817626953,0.00038361549377441406,0.0005112886428833008,0.00040453672409057617
572,0,0.00025707483291625977,0.000325620174407959,0.0003237724304199219,0.0001556873321533203,0.00017178058624267578,0.0001373291015625
572,1,0.0009148120880126953,0.0008110404014587402,0.0008783340454101562,0.0007320046424865723,0.000975489616394043,0.000710606575012207
574,0,4.1484832763671875e-05,4.845857620239258e-05,6.210803985595703e-05,5.555152893066406e-05,4.5180320739746094e-05,7.480382919311523e-05
576,0,0.0038040876388549805,0.0041446685791015625,0.0040888190269470215,0.00431668758392334,0.0040400028228759766,0.0037109851837158203
577,0,9.930133819580078e-05,0.0001004338264465332,5.3763389587402344e-05,7.426738739013672e-05,6.318092346191406e-05,7.593631744384766e-05
579,0,0.00015723705291748047,0.00023108720779418945,0.00016874074935913086,8.189678192138672e-05,0.00023293495178222656,0.00011551380157470703
584,0,0.001776278018951416,0.0006992816925048828,0.0011394619941711426,0.0003160834312438965,0.000576317310333252,0.0003889799118041992
593,0,0.0004843473434448242,0.0006526708602905273,0.0005832910537719727,0.0003979206085205078,0.0008374452590942383,0.000438690185546875
603,0,0.0008798837661743164,0.0009399652481079102,0.0008635520935058594,0.0010279417037963867,0.0008412003517150879,0.0009555816650390625
611,0,0.0004532337188720703,0.0006358623504638672,0.0006768703460693359,0.0006140470504760742,0.000662684440612793,0.0007238984107971191
614,0,0.0002192854881286621,0.0002307891845703125,0.00016748905181884766,0.0002759695053100586,0.00015014410018920898,0.00013136863708496094
616,0,0.0005507469177246094,0.00034427642822265625,0.0004203319549560547,0.0005605816841125488,0.0004258155822753906,0.00044977664947509766
619,0,0.00022047758102416992,0.0004367232322692871,0.0004113912582397461,0.0003660917282104492,0.00038880109786987305,0.0005310773849487305
619,1,0.00024449825286865234,0.0003834962844848633,0.00021398067474365234,0.00029289722442626953,0.0002702474594116211,0.00019216537475585938
621,0,0.0002599358558654785,0.0005710124969482422,0.0005208253860473633,0.000912785530090332,0.00044286251068115234,0.00039654970169067383
621,1,0.00046455860137939453,0.00028699636459350586,0.0005033612251281738,0.00039118528366088867,0.000464022159576416,0.0005228519439697266
622,0,0.0007920265197753906,0.0004583001136779785,0.0005865693092346191,0.0003889799118041992,0.0005707144737243652,0.0004985332489013672
623,0,5.352497100830078e-05,6.073713302612305e-05,9.071826934814453e-05,3.230571746826172e-05,5.9723854064941406e-05,3.421306610107422e-05
626,0,0.020241618156433105,0.01771456003189087,0.014109909534454346,0.023017048835754395,0.017606258392333984,0.021050572395324707
627,0,0.010810494422912598,0.010728836059570312,0.01243501901626587,0.01366579532623291,0.010373115539550781,0.015544295310974121
632,0,0.0003129243850708008,0.00019973516464233398,0.00039267539978027344,0.0001780986785888672,0.00040590763092041016,0.0002951622009277344
634,0,0.00016605854034423828,0.00020635128021240234,0.0002340078353881836,0.0001289844512939453,0.00019276142120361328,0.0001513957977294922
636,0,0.00047457218170166016,0.0004679560661315918,0.0004652738571166992,0.00048607587814331055,0.0005048513412475586,0.0005336999893188477
638,0,0.0028760433197021484,0.0031108856201171875,0.0024880170822143555,0.003079652786254883,0.0032213926315307617,0.003021061420440674
639,0,0.00010800361633300781,0.00011134147644042969,0.0001100301742553711,0.00012135505676269531,0.00014352798461914062,0.00011706352233886719
641,0,4.887580871582031e-06,8.58306884765625e-06,1.4066696166992188e-05,7.808208465576172e-06,8.165836334228516e-06,8.285045623779297e-06
642,0,0.0003212094306945801,0.0003281235694885254,0.0002821683883666992,0.00032532215118408203,0.00032532215118408203,0.0003097653388977051
648,0,0.0005048513412475586,0.0004623532295227051,0.0004241466522216797,0.0008448362350463867,0.0003981590270996094,0.0003713369369506836
648,1,0.002690255641937256,0.004561424255371094,0.0031298398971557617,0.0036771297454833984,0.005703151226043701,0.003267824649810791
649,0,0.0001907944679260254,0.00021320581436157227,0.00010526180267333984,0.0002263188362121582,6.973743438720703e-05,0.00019174814224243164
650,0,0.004588901996612549,0.003918290138244629,0.004076719284057617,0.0038678646087646484,0.004823029041290283,0.005309581756591797
651,0,0.0012758970260620117,0.001068711280822754,0.0034827589988708496,0.0017216205596923828,6.389617919921875e-05,0.0004096031188964844
653,0,3.165006637573242e-05,5.835294723510742e-05,6.395578384399414e-05,5.1915645599365234e-05,3.1828880310058594e-05,3.063678741455078e-05
660,0,0.0008916854858398438,0.0005937814712524414,0.0006074905395507812,0.0008786916732788086,0.0007874965667724609,0.0008440613746643066
667,0,0.0009432435035705566,0.0016779899597167969,0.0017235875129699707,0.0008209943771362305,0.0021859407424926758,0.000895380973815918
668,0,0.0035794973373413086,0.004073798656463623,0.004251956939697266,0.00518721342086792,0.003587782382965088,0.0036514997482299805
673,0,8.64267349243164e-06,3.933906555175781e-06,4.410743713378906e-06,3.6954879760742188e-06,2.86102294921875e-06,9.834766387939453e-06
677,0,1.33514404296875e-05,7.152557373046875e-06,3.4570693969726562e-06,5.662441253662109e-06,5.900859832763672e-06,6.318092346191406e-06
677,1,0.0010231733322143555,0.0012046098709106445,0.0014948844909667969,0.0012578368186950684,0.001218557357788086,0.0015946626663208008
681,0,0.0006020069122314453,0.0005570054054260254,0.0005193352699279785,0.0005837678909301758,0.0006453990936279297,0.000614166259765625
683,0,2.2411346435546875e-05,3.314018249511719e-05,7.051229476928711e-05,2.9802322387695312e-05,4.583597183227539e-05,6.657838821411133e-05
684,0,6.270408630371094e-05,1.4901161193847656e-05,0.0003299713134765625,0.000247955322265625,3.6716461181640625e-05,0.0003171563148498535
686,0,0.002941608428955078,0.002769291400909424,0.002789020538330078,0.0031055212020874023,0.003074049949645996,0.002528667449951172
686,1,0.000179290771484375,0.0005131363868713379,0.00021064281463623047,0.00022011995315551758,0.00035190582275390625,0.00013506412506103516
688,0,0.0033966898918151855,0.0024744272232055664,0.005391061305999756,0.0028718113899230957,0.004465878009796143,0.005728423595428467
689,0,4.315376281738281e-05,3.325939178466797e-05,1.9073486328125e-05,1.2874603271484375e-05,2.4020671844482422e-05,1.609325408935547e-05
691,0,0.0003895759582519531,0.0002700686454772949,0.00024139881134033203,0.00038635730743408203,0.0002982616424560547,0.0002741813659667969
693,0,0.0011553764343261719,0.0016667842864990234,0.0013918280601501465,0.0014759302139282227,0.001167893409729004,0.001492917537689209
694,0,0.0036568641662597656,0.002936720848083496,0.003103792667388916,0.005263209342956543,0.0038136839866638184,0.004678487777709961
694,1,0.0007535219192504883,0.0004464387893676758,0.00037288665771484375,0.0002575516700744629,0.00018858909606933594,0.00029087066650390625
695,0,0.004034996032714844,0.004255533218383789,0.003619968891143799,0.005271434783935547,0.004388332366943359,0.004588484764099121
697,0,0.0009830594062805176,0.00018900632858276367,0.00016254186630249023,0.000505983829498291,0.0008047223091125488,0.0005239248275756836
701,0,0.0014358162879943848,0.001579880714416504,0.001825094223022461,0.0017491579055786133,0.0012460947036743164,0.0017300248146057129
703,0,9.518861770629883e-05,8.004903793334961e-05,6.031990051269531e-05,7.349252700805664e-05,7.402896881103516e-05,9.304285049438477e-05
710,0,8.392333984375e-05,5.1856040954589844e-05,5.3048133850097656e-05,4.9948692321777344e-05,4.416704177856445e-05,6.496906280517578e-05
712,0,0.00019216537475585938,0.00021922588348388672,0.0002872347831726074,0.00026303529739379883,0.0002543926239013672,0.00023663043975830078
716,0,0.0036860108375549316,0.005448043346405029,0.005311012268066406,0.0031000375747680664,0.005540192127227783,0.0024513602256774902
716,1,0.0003287792205810547,0.00019085407257080078,0.00021094083786010742,0.00016814470291137695,0.00016194581985473633,0.00032716989517211914
717,0,0.001355290412902832,0.0011377930641174316,0.001105666160583496,0.0012894868850708008,0.00137251615524292,0.0009795427322387695
718,0,0.0007781386375427246,0.0007355213165283203,0.0006810426712036133,0.0009552240371704102,0.0005658864974975586,0.0009284019470214844
720,0,0.00036662817001342773,0.00025451183319091797,0.00042176246643066406,0.00017535686492919922,0.0005977153778076172,0.0002995729446411133
722,0,2.3424625396728516e-05,3.081560134887695e-05,3.6835670471191406e-05,2.872943878173828e-05,0.00010216236114501953,1.150369644165039e-05
723,0,0.007918179035186768,0.009765326976776123,0.009559035301208496,0.009626567363739014,0.009259045124053955,0.009231984615325928
727,0,0.00011301040649414062,8.285045623779297e-05,3.439188003540039e-05,9.59634780883789e-05,0.0001665353775024414,2.1755695343017578e-05
730,0,8.702278137207031e-06,1.430511474609375e-05,9.5367431640625e-06,2.0205974578857422e-05,1.3828277587890625e-05,1.1920928955078125e-05
731,0,0.004640460014343262,0.007638812065124512,0.0054375529289245605,0.0060231685638427734,0.006280004978179932,0.004639685153961182
732,0,5.501508712768555e-05,2.9802322387695312e-05,4.6372413635253906e-05,4.780292510986328e-05,3.898143768310547e-05,3.904104232788086e-05
734,0,0.0012670159339904785,0.0010911226272583008,0.0011278390884399414,0.0012905597686767578,0.0013163089752197266,0.0014407634735107422
734,1,0.0001233816146850586,0.0001621246337890625,7.462501525878906e-05,7.069110870361328e-05,9.059906005859375e-05,9.274482727050781e-05
735,0,0.004099488258361816,0.004963278770446777,0.003651916980743408,0.0034406185150146484,0.004248857498168945,0.003817260265350342
736,0,0.022536754608154297,0.020752429962158203,0.02412348985671997,0.021030664443969727,0.021825671195983887,0.020736336708068848
739,0,0.000658869743347168,0.00110626220703125,0.0018944740295410156,0.0001271963119506836,0.0008060932159423828,0.0007833242416381836
741,0,0.00017970800399780273,9.85264778137207e-05,0.00015586614608764648,0.00011706352233886719,0.0003935098648071289,0.0001704692840576172
746,0,0.00032508373260498047,0.0004442930221557617,0.00036346912384033203,0.00039446353912353516,0.00039756298065185547,0.00035899877548217773
747,0,0.0025624632835388184,0.001714468002319336,0.0023137331008911133,0.0012736916542053223,0.0021697282791137695,0.00204622745513916
747,1,0.006140470504760742,0.007538318634033203,0.007509291172027588,0.007299661636352539,0.007790207862854004,0.006777703762054443
748,0,0.002458810806274414,0.0017564892768859863,0.0012518763542175293,0.0015600919723510742,0.002750396728515625,0.0011144280433654785
748,1,0.007241368293762207,0.007394194602966309,0.00715792179107666,0.006431400775909424,0.007008790969848633,0.006467223167419434
754,0,0.0009591579437255859,0.0005657672882080078,0.0008954405784606934,0.0008639097213745117,0.0006604194641113281,0.0008755326271057129
755,0,0.00014442205429077148,0.0001531839370727539,0.00016480684280395508,0.00015294551849365234,0.00014954805374145508,0.00016045570373535156
755,1,0.001530766487121582,0.0015505552291870117,0.00183027982711792,0.001660168170928955,0.0014559030532836914,0.0017124414443969727
756,0,0.0001456737518310547,0.00020307302474975586,0.00018298625946044922,0.0002307891845703125,0.00020802021026611328,0.0002008676528930664
761,0,9.40561294555664e-05,6.860494613647461e-05,7.212162017822266e-05,7.987022399902344e-05,7.474422454833984e-05,6.198883056640625e-05
766,0,0.0005995631217956543,0.0007581114768981934,0.000688016414642334,0.0005354881286621094,0.0008144378662109375,0.0008910894393920898
767,0,0.016206026077270508,0.024024248123168945,0.024737179279327393,0.022167623043060303,0.01851290464401245,0.031215786933898926
771,0,0.014944374561309814,0.017352759838104248,0.013303279876708984,0.013584733009338379,0.016988158226013184,0.014881253242492676
773,0,0.00037741661071777344,0.0009398460388183594,0.0015020966529846191,0.0006108283996582031,0.0009507536888122559,0.00031065940856933594
775,0,0.0021559596061706543,0.0033890604972839355,0.0027692317962646484,0.003054976463317871,0.0030655860900878906,0.0030808448791503906
776,0,0.034630417823791504,0.03464961051940918,0.031181693077087402,0.02981698513031006,0.03266817331314087,0.036041975021362305
781,0,5.793571472167969e-05,5.8531761169433594e-05,4.6372413635253906e-05,5.555152893066406e-05,5.245208740234375e-05,6.92605972290039e-05
782,0,0.00026792287826538086,0.0010455846786499023,0.0011528730392456055,0.0007643699645996094,0.0012493729591369629,0.0015175342559814453
784,0,0.0014095902442932129,0.0015648603439331055,0.0019467473030090332,0.0017235279083251953,0.001379251480102539,0.0009786486625671387
786,0,0.0001875162124633789,0.00014573335647583008,0.00020462274551391602,0.00018799304962158203,0.0001983642578125,0.0001596212387084961
787,0,0.0003840923309326172,0.00031316280364990234,0.0003425478935241699,0.000619351863861084,0.00021892786026000977,0.00033783912658691406
789,0,0.005298316478729248,0.005778312683105469,0.004837393760681152,0.006506204605102539,0.0036278367042541504,0.003999829292297363
793,0,1.4781951904296875e-05,4.2557716369628906e-05,3.9458274841308594e-05,5.14984130859375e-05,1.7344951629638672e-05,1.9669532775878906e-05
795,0,0.0017539262771606445,0.0026395320892333984,0.0011430978775024414,0.0013592839241027832,0.0012226104736328125,0.0020412206649780273
799,0,0.010848522186279297,0.013422906398773193,0.010341763496398926,0.013435721397399902,0.011500239372253418,0.010373175144195557
802,0,0.0033038854598999023,0.0030171871185302734,0.0029140710830688477,0.003201305866241455,0.0024872422218322754,0.0023949146270751953
802,1,0.0004405975341796875,0.00034880638122558594,0.0006213784217834473,0.0005043148994445801,0.0005885958671569824,0.00034332275390625
804,0,9.119510650634766e-05,4.4405460357666016e-05,7.236003875732422e-05,3.528594970703125e-05,5.2928924560546875e-05,7.343292236328125e-05
804,1,0.0007632970809936523,0.0007480382919311523,0.0006442666053771973,0.0005304813385009766,0.0007753372192382812,0.0005791783332824707
807,0,0.0010077357292175293,0.0010542869567871094,0.0011316537857055664,0.00133514404296875,0.0011205673217773438,0.001110672950744629
808,0,0.0006242990493774414,0.0006452798843383789,0.0006625056266784668,0.0007055997848510742,0.0005592107772827148,0.0006353259086608887
809,0,0.002953767776489258,0.0028008222579956055,0.0031055212020874023,0.0036690235137939453,0.0030306577682495117,0.004313170909881592
811,0,0.0002779960632324219,0.00015115737915039062,0.0003554821014404297,0.00020110607147216797,7.480382919311523e-05,0.00018215179443359375
817,0,0.0012778043746948242,0.0013511180877685547,0.0014821290969848633,0.0015764236450195312,0.00151747465133667,0.0013412833213806152
820,0,0.0001513957977294922,0.00019043684005737305,0.00016254186630249023,0.00018537044525146484,0.0001577138900756836,0.0001614093780517578
822,0,0.0006519556045532227,0.0006625652313232422,0.0004943609237670898,0.0004417300224304199,0.0005288124084472656,0.0006887316703796387
823,0,0.017432451248168945,0.014500856399536133,0.013004899024963379,0.018334507942199707,0.015473544597625732,0.017053961753845215
825,0,0.0006011724472045898,0.0016694068908691406,0.0015285015106201172,0.001073300838470459,0.0023850202560424805,0.0024846792221069336
828,0,0.0014785528182983398,0.0009403228759765625,0.0015418529510498047,0.0010848045349121094,0.001657247543334961,0.0006259679794311523
829,0,0.0007994771003723145,0.001529097557067871,0.0012722015380859375,0.0011218786239624023,0.0010113120079040527,0.0012783408164978027
830,0,0.0007070302963256836,0.0005301237106323242,0.0008737444877624512,0.0006755590438842773,0.0006837844848632812,0.000948488712310791
834,0,0.00024509429931640625,0.00016391277313232422,0.000245511531829834,0.00017499923706054688,0.0002181529998779297,0.0001844167709350586
835,0,0.04820573329925537,0.05925518274307251,0.05732452869415283,0.05023801326751709,0.05062294006347656,0.05732452869415283
842,0,0.00012725591659545898,0.0004115104675292969,0.0001774430274963379,0.0003185272216796875,0.00018352270126342773,0.0002435445785522461
843,0,0.0024510622024536133,0.002968907356262207,0.0020345449447631836,0.0017278194427490234,0.001719355583190918,0.0019377470016479492
844,0,0.008318901062011719,0.008943378925323486,0.007466435432434082,0.00850588083267212,0.006430625915527344,0.008464038372039795
845,0,0.0004235506057739258,0.00031495094299316406,0.00047594308853149414,0.0005188584327697754,0.0003145933151245117,0.00033724308013916016
846,0,8.618831634521484e-05,0.0001615285873413086,9.28044319152832e-05,0.0001647472381591797,0.00010222196578979492,0.00016355514526367188
847,0,0.0006842613220214844,0.0007908344268798828,0.0005227327346801758,0.0006101131439208984,0.0009100437164306641,0.0007318854331970215
848,0,0.0023401379585266113,0.005246520042419434,0.002715587615966797,0.0030936598777770996,0.00522160530090332,0.002666175365447998
849,0,0.0015641450881958008,0.0010391473770141602,0.0004954338073730469,0.0015703439712524414,0.0010256767272949219,0.0009676218032836914
852,0,0.0005287528038024902,0.0007820725440979004,0.0007436275482177734,0.0006895065307617188,0.0003841519355773926,0.0008043050765991211
854,0,0.001996338367462158,0.0015243887901306152,0.0018417835235595703,0.0011012554168701172,0.001683354377746582,0.002061903476715088
857,0,0.010719835758209229,0.007197082042694092,0.006855964660644531,0.007049202919006348,0.0072612762451171875,0.007032990455627441
858,0,0.0012421607971191406,0.0014248490333557129,0.0014630556106567383,0.0012874007225036621,0.001537024974822998,0.0013515949249267578
860,0,0.002307295799255371,0.002406597137451172,0.0037446022033691406,0.0027623772621154785,0.0033825039863586426,0.0031516551971435547
864,0,0.0010273456573486328,0.0010693669319152832,0.0008326172828674316,0.0012333989143371582,0.0008324980735778809,0.0013647675514221191
864,1,0.00023132562637329102,0.00015103816986083984,0.00022923946380615234,0.00019609928131103516,0.00037407875061035156,0.00014847517013549805
865,0,0.0002232193946838379,0.0007805824279785156,0.00017589330673217773,0.0002995133399963379,0.00023424625396728516,0.0002900362014770508
866,0,0.000623166561126709,0.0009254217147827148,0.0006606578826904297,0.0005456209182739258,0.000635683536529541,0.0006792545318603516
869,0,0.00011646747589111328,5.1975250244140625e-05,0.00045806169509887695,2.765655517578125e-05,7.402896881103516e-05,0.00010955333709716797
869,1,3.325939178466797e-05,3.898143768310547e-05,2.8014183044433594e-05,2.8789043426513672e-05,3.230571746826172e-05,3.552436828613281e-05
870,0,0.00040662288665771484,0.00035816431045532227,0.0005234479904174805,0.00045603513717651367,0.0006521940231323242,0.0005706548690795898
871,0,0.004550933837890625,0.004591941833496094,0.0035004019737243652,0.0024869441986083984,0.0036316514015197754,0.005257129669189453
873,0,0.0009150505065917969,0.0009762048721313477,0.0015142560005187988,0.0026178359985351562,0.0018430352210998535,0.0019137859344482422
874,0,0.0006579160690307617,0.0007235407829284668,0.00012701749801635742,2.104043960571289e-05,0.000666201114654541,4.3272972106933594e-05
880,0,0.0024216771125793457,0.002024412155151367,0.0021363496780395508,0.002095937728881836,0.0022718310356140137,0.0021327733993530273
881,0,0.0002636909484863281,0.0002480149269104004,0.00026673078536987305,0.00013399124145507812,0.0002875328063964844,0.00017517805099487305
887,0,0.004538178443908691,0.0052490234375,0.005340695381164551,0.003651261329650879,0.0038949251174926758,0.0045645833015441895
887,1,0.0006425380706787109,0.000428617000579834,0.0005027651786804199,0.00024008750915527344,0.00045180320739746094,0.0004711151123046875
888,0,0.00026363134384155273,0.00048547983169555664,0.00041675567626953125,0.00047087669372558594,0.00030881166458129883,0.0004901289939880371
892,0,0.0014232993125915527,0.0017547607421875,0.0016474723815917969,0.0016721487045288086,0.0019291043281555176,0.0016140937805175781
892,1,0.002686440944671631,0.002310335636138916,0.0012524724006652832,0.0027532577514648438,0.002867758274078369,0.002020120620727539
894,0,0.0005765557289123535,0.00047451257705688477,0.0005068778991699219,0.0004648566246032715,0.0005631446838378906,0.0004616975784301758
895,0,0.006507575511932373,0.006465911865234375,0.00532907247543335,0.004319131374359131,0.00705564022064209,0.004594862461090088
897,0,0.008418083190917969,0.010998189449310303,0.00949472188949585,0.01146078109741211,0.008384168148040771,0.006550490856170654
898,0,0.0005301833152770996,0.0010700225830078125,0.0007264614105224609,0.00043010711669921875,0.00030237436294555664,0.00017571449279785156
900,0,0.0207480788230896,0.02012842893600464,0.025547146797180176,0.016576766967773438,0.023034334182739258,0.024347424507141113
901,0,0.0013821125030517578,0.0006562471389770508,0.0016781091690063477,0.002001166343688965,0.00120466947555542,0.0017159581184387207
905,0,0.035028278827667236,0.03829503059387207,0.036488890647888184,0.0384523868560791,0.037271857261657715,0.03811967372894287
905,1,0.0005034208297729492,0.0009163618087768555,0.0005165338516235352,0.0008252859115600586,0.0008096098899841309,0.000194549560546875
907,0,0.0008812546730041504,0.0006271600723266602,0.0007047653198242188,0.000943303108215332,0.0006553530693054199,0.0009584426879882812
908,0,0.0008437037467956543,0.0005708932876586914,0.00044280290603637695,0.001368880271911621,0.0014325976371765137,0.0023633241653442383
908,1,0.00027674436569213867,0.00047385692596435547,0.00045752525329589844,0.0005128979682922363,0.0002917051315307617,0.0004856586456298828
910,0,0.005488693714141846,0.003786444664001465,0.006178855895996094,0.005054354667663574,0.005374312400817871,0.005220532417297363
911,0,0.00014734268188476562,0.00028061866760253906,0.00013178586959838867,0.00016075372695922852,0.00014269351959228516,0.00017082691192626953
914,0,0.0012551546096801758,0.0013811588287353516,0.0012371540069580078,0.0014133453369140625,0.0011951923370361328,0.0011559724807739258
917,0,0.0021569132804870605,0.0026360750198364258,0.0024001598358154297,0.002563774585723877,0.002130746841430664,0.0029703378677368164
918,0,0.0013375282287597656,0.0017223954200744629,0.0011894702911376953,0.001583099365234375,0.0011887550354003906,0.0014132261276245117
919,0,0.0019564032554626465,0.0012466907501220703,0.0015028715133666992,0.0019158720970153809,0.001323699951171875,0.002003014087677002
919,1,0.0003160238265991211,0.0002703070640563965,0.00035262107849121094,0.00028139352798461914,0.00038802623748779297,0.00038439035415649414
920,0,0.006622195243835449,0.007656872272491455,0.012084603309631348,0.0072577595710754395,0.006609857082366943,0.005953967571258545
920,1,0.00019752979278564453,0.00028717517852783203,0.00024366378784179688,6.0558319091796875e-05,0.00014984607696533203,0.00024056434631347656
921,0,2.9802322387695312e-06,1.823902130126953e-05,7.569789886474609e-06,5.364418029785156e-06,4.410743713378906e-06,4.649162292480469e-06
923,0,0.005479216575622559,0.006552636623382568,0.006166696548461914,0.0059310197830200195,0.005568385124206543,0.005941867828369141
924,0,0.0003237724304199219,0.00021255016326904297,0.0002048015594482422,0.0002630949020385742,0.0003656744956970215,0.0003756284713745117
925,0,0.0013570785522460938,0.0012639760971069336,0.001253664493560791,0.0011997222900390625,0.000974118709564209,0.001394510269165039
926,0,0.001304030418395996,0.0012119412422180176,0.0011851787567138672,0.0012006759643554688,0.00118255615234375,0.0012735724449157715
927,0,0.00033974647521972656,0.0004267096519470215,0.000448763370513916,0.00037485361099243164,0.000569462776184082,0.00041687488555908203
929,0,0.0004914999008178711,0.00024139881134033203,0.00021702051162719727,0.00048100948333740234,0.00034558773040771484,0.0004813075065612793
929,1,0.006215691566467285,0.005838513374328613,0.00713878870010376,0.005162060260772705,0.006127476692199707,0.006971478462219238
932,0,0.002793252468109131,0.0028573274612426758,0.003641963005065918,0.0015783309936523438,0.003998756408691406,0.0031991004943847656
933,0,0.006098747253417969,0.006335139274597168,0.00580143928527832,0.004734158515930176,0.005713343620300293,0.005917787551879883
936,0,0.000353395938873291,0.00031876564025878906,0.00033420324325561523,0.000277101993560791,0.0003268718719482422,0.00034296512603759766
937,0,0.00733494758605957,0.008267402648925781,0.006720125675201416,0.006882786750793457,0.006830096244812012,0.007603764533996582
941,0,0.001751720905303955,0.0010651350021362305,0.0017213821411132812,0.001113295555114746,0.0016616582870483398,0.001488327980041504
948,0,0.0013077855110168457,0.0016093254089355469,0.0014623403549194336,0.001301109790802002,0.0012279748916625977,0.0012584924697875977
949,0,0.00011014938354492188,0.00011396408081054688,0.0001119375228881836,9.119510650634766e-05,0.00011390447616577148,9.953975677490234e-05
951,0,0.005552113056182861,0.00676274299621582,0.009464621543884277,0.007198929786682129,0.005852937698364258,0.007215380668640137
951,1,0.004132091999053955,0.004507541656494141,0.0036984682083129883,0.002485930919647217,0.004516243934631348,0.001363992691040039
953,0,0.0005955100059509277,0.0006394386291503906,0.00018912553787231445,0.0004355311393737793,0.00021028518676757812,0.0007260441780090332
953,1,6.16312026977539e-05,3.62396240234375e-05,3.129243850708008e-05,4.184246063232422e-05,3.9458274841308594e-05,6.115436553955078e-05
956,0,5.1021575927734375e-05,2.0503997802734375e-05,6.848573684692383e-05,4.00543212890625e-05,4.3451786041259766e-05,3.993511199951172e-05
963,0,0.00028508901596069336,0.0002504587173461914,0.00025773048400878906,0.00033164024353027344,0.00023925304412841797,0.00027495622634887695
964,0,0.01035165786743164,0.010284602642059326,0.011913180351257324,0.009998440742492676,0.008018314838409424,0.011292874813079834
965,0,0.006760716438293457,0.008841156959533691,0.009485423564910889,0.007447004318237305,0.008791565895080566,0.008217096328735352
968,0,0.00013017654418945312,4.017353057861328e-05,0.0001354813575744629,4.202127456665039e-05,6.699562072753906e-05,7.927417755126953e-05
975,0,0.015327513217926025,0.021666288375854492,0.0255126953125,0.017934083938598633,0.022780299186706543,0.019381344318389893
977,0,8.368492126464844e-05,0.0001773834228515625,4.553794860839844e-05,4.112720489501953e-05,0.0001169443130493164,5.6803226470947266e-05
977,1,0.0018593072891235352,0.0015724897384643555,0.0020644664764404297,0.001632392406463623,0.001214742660522461,0.0012990832328796387
978,0,0.0014168024063110352,0.001635134220123291,0.0010573267936706543,0.0012857913970947266,0.00089263916015625,0.0014409422874450684
979,0,0.002877473831176758,0.004068970680236816,0.002347588539123535,0.003428518772125244,0.0021578073501586914,0.0014101862907409668
979,1,0.0001302957534790039,0.00032961368560791016,0.0001270771026611328,7.575750350952148e-05,5.698204040527344e-05,0.0005508661270141602
980,0,0.00043773651123046875,0.00047850608825683594,0.0005931854248046875,0.0006132721900939941,0.0005648136138916016,0.0007825493812561035
981,0,0.0005524158477783203,0.0006065964698791504,0.000915825366973877,0.0009541511535644531,0.000773310661315918,0.0008709430694580078
986,0,0.003184080123901367,0.004132986068725586,0.002505064010620117,0.0026009678840637207,0.003550291061401367,0.0022112131118774414
987,0,0.00031578540802001953,0.0003057122230529785,0.000308990478515625,0.00033974647521972656,0.00034177303314208984,0.00031316280364990234
989,0,4.172325134277344e-05,4.83393669128418e-05,4.780292510986328e-05,5.412101745605469e-05,5.0067901611328125e-05,4.8279762268066406e-05
990,0,0.0006402730941772461,0.0009508132934570312,0.0009838342666625977,0.0006455183029174805,0.0009504556655883789,0.0008778572082519531
990,1,0.007832825183868408,0.009745538234710693,0.010555744171142578,0.004696190357208252,0.008734285831451416,0.0074841976165771484
991,0,0.00026679039001464844,5.0067901611328125e-06,8.183717727661133e-05,8.469820022583008e-05,0.0004049539566040039,0.00027567148208618164
992,0,0.005126237869262695,0.0042601823806762695,0.0028263330459594727,0.0036659836769104004,0.00492936372756958,0.004283428192138672
992,1,0.0008758306503295898,0.0010796785354614258,0.0009846687316894531,0.0009155869483947754,0.0008687973022460938,0.0008062124252319336
993,0,0.00012004375457763672,0.00011372566223144531,0.00019812583923339844,9.113550186157227e-05,0.00020253658294677734,0.00010901689529418945
